0,0,0,0,0,0,0,0,0,0,0,0,0,0,0,0,0,0,0,0,0,0,0,0,0,0,0,0,0,0,0,0,0,0,0,0,0,0,0,0,0,0,0,0,0,0,0,0,0,0,0,0,0,0,0,0,0,0,0,0,0,0,0,0,0,0,0,0,0,0,0,0,0,0,0,0,0,0,0,0
0,-0.00046577,-0.00087086,-0.00051743,0.00094373,-0.00054727,0.001124,0.00061999,0.0011589,0.0047467,-0.00010219,-0.0029147,0.0009766,-0.00090616,-0.0029572,0.00031962,-0.00080625,0.0057226,-0.0013806,-0.00085805,-0.0031969,0.0027924,-0.0053894,-0.0017264,0.0055995,0.00298,0.0033715,0.0026753,-0.0023967,-0.00048122,-0.0028363,0.015603,0.0055496,-0.00096835,0.0041152,0.0072924,0.0087046,-0.0035274,-0.012452,0.011299,-0.01518,0.012321,0.024232,0.0035685,0.0076582,0.0088412,-0.0043808,-0.0099998,-0.0065948,0.020814,-0.018874,0.0041758,-0.0094803,0.00086901,-0.00066864,-0.00053028,0.0092715,-0.0099992,-0.028205,-0.019163,0.0014046,-0.038775,-0.023952,0.04291,0.021063,0.017994,-0.0058289,0.033529,-0.021059,-0.050743,0.0071893,-0.044436,0.037082,0.001812,-0.011947,0.0068868,-0.040369,0.034437,0.0036991,0.553
0,0.00025566,0.00050359,0.00038375,-0.0011532,0.00026816,-0.0013162,-0.0012711,-0.00086125,-0.0034769,0.00033241,0.0044337,0.0004242,0.00083418,0.002569,0.00071222,0.0022066,-0.0017301,0.00031945,0.0039533,0.0020784,-0.0028253,0.006429,0.0082667,-0.010522,-0.0041673,-0.0082002,0.0059776,-1.6405e-05,0.00014122,-0.0065024,-0.0074157,-0.0073793,-0.0038731,-0.012387,-0.0091072,-0.0053924,0.012994,-0.0025328,-0.010296,-0.0013927,-0.0013078,0.0038735,-0.012643,0.015702,0.004599,-0.0059236,-0.00021793,0.0080395,0.0091045,-0.019829,-0.016045,-0.020603,-0.0063629,0.0037223,-0.0031615,0.0082607,-0.0028717,-0.03122,0.0010159,-0.017549,-0.014456,-0.026732,0.036644,0.012534,-0.0028492,0.01844,0.010283,-0.013008,-0.053087,-0.0088625,-0.032009,0.074604,0.050807,-0.030527,0.010527,-0.073473,0.028165,-0.013763,0.73053
0,-0.00017288,-0.00025419,-0.00017482,0.0018736,-0.00020985,0.0025582,0.0014083,0.00081543,0.001966,-0.0010564,-0.0023008,0.0012251,-0.0012139,-0.0022801,0.004336,0.0014663,0.0025617,-0.0030385,-0.0016276,-0.0018439,-0.00054461,-0.0033331,-0.0039672,0.0071904,-0.0068775,0.0072404,0.002213,0.0032256,-0.0067331,0.010066,-0.010179,0.0033515,-0.0015082,-0.0022611,-0.0010979,0.0053894,-0.004888,0.01029,-0.013032,0.010478,-0.0068958,-0.012306,-0.0089369,0.00028952,0.0095166,-0.0026426,0.014854,0.011301,0.011481,0.015719,-0.011216,0.0007448,0.018576,-0.0076405,0.00621,0.034153,0.0067036,0.016926,0.0093255,-0.012465,0.0040357,0.011609,0.0010708,0.0080761,-0.0021073,0.043671,-0.016752,-0.048659,-0.052796,-0.03042,0.039542,0.060274,0.095912,-0.011047,0.032115,-0.075006,0.016431,0.019932,0.85293
0,0.00021871,0.00039199,-0.00043803,-0.0020406,0.001094,-0.0019532,-0.0012393,-0.0011649,-0.001118,-0.0012706,0.00074483,-0.0011897,0.0027086,0.0005847,-0.0044859,-0.0049657,-0.0036868,0.0041228,0.0017903,0.00023062,0.00022784,0.00038204,-0.0031557,0.0021394,0.0088953,0.0032355,-0.0074464,-0.0035447,0.0013825,-0.0029299,0.0029779,0.0017823,-0.0027152,0.007511,0.004152,-0.014648,-0.005243,0.01107,0.020206,-0.014098,-0.0021945,-0.0036477,-0.0083568,-0.021631,-0.0091895,0.0063352,0.0023714,-0.0066926,0.002786,0.0057297,0.025294,0.0015861,-0.0087974,-0.0061993,0.0020138,0.012646,0.025131,-0.011041,-0.0067868,-0.0030494,-0.0062198,0.00072545,0.032809,0.016247,0.0011247,0.01968,-0.049955,0.006257,-0.022052,-0.0057236,0.06271,0.066192,0.081748,-0.049117,0.038294,-0.069493,-0.0087373,0.072296,0.88707
0,-0.00054902,-0.00013007,0.00050907,0.0027173,-0.0020538,0.001796,0.00057246,0.0016032,0.0016904,0.00073392,-0.001292,-0.0018519,-0.0044761,0.00094799,0.0048248,0.0031579,0.0025196,0.002336,-0.0034214,-0.0015302,0.0030437,0.0002286,0.0085694,-0.0076189,0.0016785,-0.006,0.0032656,-0.00053165,-0.0020302,-0.0055952,0.0038044,0.0061483,0.00082302,-0.0095872,0.00012795,-0.00053021,0.0034329,-0.0032185,0.0041408,0.0011393,0.0036972,0.011471,-0.003928,-0.0076774,0.0026205,-0.014785,-0.0050346,-0.0031748,-0.027475,0.0044176,0.0084283,0.017433,0.0077278,-0.027426,-0.010942,-0.035129,-0.006175,0.023476,-0.020913,-0.0041672,0.0030714,0.00089485,0.010619,-0.012859,0.00098923,-0.0034254,-0.058611,0.053868,0.032444,0.00587,0.021695,0.070661,0.058419,-0.012681,0.060993,-0.058029,0.060198,0.039075,1.0084
0,0.00058166,0.00068654,-0.00055661,-0.0018717,0.0012082,-0.00077919,0.00038643,-0.00074447,-0.0014962,-0.0024495,0.0011036,0.0020105,0.0030758,-0.0027146,-0.0057796,-0.003471,0.00046548,-0.0021243,0.0010013,0.0027249,0.00086558,0.0019915,-0.0023682,0.006657,0.004699,0.0019068,-0.0016792,-0.0053518,-0.0060536,-0.0028492,0.004006,0.0032972,-0.00032644,-0.00080391,-0.0052205,0.010677,0.0055444,-0.004346,-0.0044699,0.002898,-0.00118,-0.0046249,0.017483,0.030321,0.015553,-0.016607,-0.0074175,-0.0023853,-0.0012325,0.012447,-0.0034243,-0.0081891,0.011583,0.021723,0.0043915,-0.019727,-0.01827,0.019673,-0.017268,-0.026465,-0.014775,-0.0015282,-0.025814,0.011983,-0.037299,-0.031012,-0.0086095,0.0206,0.030376,0.031796,0.020942,0.012315,0.091791,0.040754,0.11519,-0.068064,0.062316,0.0020357,1.0614
0,-0.00041736,-0.0005398,0.00048383,0.0023281,-0.00089447,-0.0002037,-0.0011349,-0.0019326,0.0012584,0.00064031,-0.001063,-0.0046526,-0.002151,0.0031852,0.0056634,0.0028087,0.0025829,-0.0021287,-0.0024797,-0.0050248,-0.0054781,0.0043821,-0.002555,-0.0079377,-0.0052163,0.0043312,-0.0033362,-0.0024736,0.0096069,0.0083013,-0.009756,-0.0056874,-0.0044808,0.0092317,0.005178,-0.013105,-0.0042311,0.0015311,0.0055998,-0.0033795,-0.0027932,-0.0039072,0.010682,0.00026896,-0.0037612,0.012389,0.00019866,-0.007193,0.014904,-0.005991,0.0058494,-0.0076568,0.011785,0.034041,-0.0033018,0.0045005,-0.0034501,-0.0035069,0.0017442,0.0010547,-0.020988,-0.0096181,0.0064813,0.029951,-0.030514,-0.023824,0.037295,0.041874,0.032397,0.041607,0.010025,-0.039261,0.072319,0.0092908,0.096341,-0.04847,-0.0029376,-0.053082,1.0457
0,0.00040998,0.00076926,-0.0011241,-0.0014363,0.001515,0.0016213,0.00058926,0.0038852,0.00055669,0.0012154,0.0029488,0.0029421,0.0016539,-0.0030167,-0.0030059,-0.0012336,-0.00082507,0.0045616,0.00090305,-0.001806,-0.00033261,-0.0032772,-0.0005238,0.0045809,-0.0096678,0.0023048,0.0073354,-5.0372e-06,0.001669,0.0054607,0.00032535,-0.0037987,0.0027039,0.0019493,0.00022242,0.0050382,0.003481,-0.0059257,0.0048486,0.014591,-0.0051599,-0.00067747,-0.0095821,-0.015894,-0.0077771,7.8084e-05,0.0059588,0.011048,0.0050968,-0.003953,0.0035266,0.023061,-0.014164,0.0062058,-0.026402,-0.0035316,-0.019085,-0.013639,-0.00053544,0.0077733,0.0084232,-0.027978,0.052144,-0.013624,0.0080867,0.021145,0.03882,0.039967,0.081587,-0.047981,-0.021432,-0.031195,0.068717,0.0070176,0.068267,-0.015254,0.0047035,-0.082671,0.90468
0,-0.00026477,-0.00061453,0.0010881,0.00011576,-0.00078027,-0.0024762,-0.00052655,-0.0032497,0.00030888,0.00019795,-0.0053866,-0.0028759,-0.00072844,0.00075828,-0.0010218,0.0032441,-0.002091,-0.0077607,-0.0032403,0.0021619,0.0015954,-0.0042986,-0.00047647,-0.00028401,0.012957,-0.0047244,-0.0028543,0.0053795,-0.00854,-0.0068291,0.0072937,0.0032138,-0.0010045,-0.00073077,0.003915,0.0053798,-0.0026484,-0.0010709,-0.010298,-0.0016199,-0.001231,-0.018702,-0.0030675,0.004773,0.00016786,0.0046325,0.0046755,0.009027,-0.0036057,-0.0097258,-0.015935,-0.015286,-0.01772,-0.0029398,0.02397,0.010651,0.014819,-0.0067501,0.019324,0.018771,0.023154,-0.0042954,0.03507,-0.01806,0.034815,0.024166,0.028131,0.025458,0.069191,-0.02642,-0.032921,-0.01085,0.063713,0.0030862,0.043522,-0.011171,-0.026361,-0.056505,1.0564
0,5.5797e-05,-0.00034054,-0.00034351,-5.1688e-05,-0.0015267,0.0021093,0.001399,0.0019091,0.001548,-0.00069817,0.0053312,0.0038292,0.0013408,-0.00096721,-0.0031226,-3.3852e-05,0.00087295,0.0030258,0.0029441,-0.0024583,0.00909,0.0038593,0.0052335,-0.00013177,-0.0033722,0.0044118,0.0048674,0.0077551,0.0024111,-0.0092602,-0.0071485,0.0017418,0.0063111,-0.0036821,0.0011961,-0.0020747,-0.0070703,0.0081758,0.003437,-0.02024,0.0046484,0.008717,0.0064802,0.011676,0.0036172,0.030876,0.010784,0.0043399,-0.005043,-0.0072204,-0.0032641,-0.0050724,0.020446,-0.0033075,0.030944,-0.00032839,0.038908,0.010566,0.025966,0.010047,0.010359,0.024511,-0.017107,0.0094029,0.032929,-0.026423,0.011878,0.004959,0.031018,0.0044323,-0.029641,0.00056874,0.036105,-0.0221,0.045168,-0.00021182,-0.07092,-0.090088,1.1842
0,0.00028878,0.0003993,0.00013069,-0.00075913,0.0021335,-0.0030321,-0.0010263,-0.0033737,0.00022881,0.0019558,-0.0036092,-0.0025406,0.00046709,-0.002701,0.0021899,-0.0018533,-0.0022224,0.0036127,-0.0041855,0.0055011,-0.0075982,0.0020651,-0.00080403,0.0015407,-0.0087936,0.0079075,-0.0059274,-0.0048591,-0.0037947,0.0014291,-0.0015698,-0.0040738,0.0026373,-0.0026924,-0.0038475,0.0057541,0.00696,0.0012413,-0.019775,-0.0099278,0.00010867,0.030303,-0.00744,0.0002912,0.0087143,0.0081571,0.0044937,-0.0084655,0.0029977,0.0031948,0.015095,0.018261,-0.0034392,-0.011569,-0.010321,-0.0041848,-0.0010151,-0.0071714,-0.0055705,0.035281,0.0071623,0.040444,-0.01717,-0.012569,0.035324,-0.028081,-0.01431,-0.0072398,-0.0058141,0.0019827,-0.054047,0.00065299,0.050751,-0.017229,0.04047,0.029043,-0.073713,-0.099724,1.1456
0,-0.00025164,-6.8487e-05,0.0005998,-0.00052426,-0.0026138,0.0027881,-0.00046962,0.0021805,9.5651e-05,-0.0019476,0.0037086,0.0013786,0.0010488,0.00023031,-0.0018931,-0.0015269,0.0024956,-0.0043148,0.0022608,-0.00022037,0.0015526,-0.00016425,-0.00015495,-0.0046944,0.0069729,-0.0072397,-0.0071865,0.00051204,0.0053881,0.0030158,0.007808,-0.0054019,-0.019427,0.00056329,-0.0032971,0.0044122,-0.0047549,0.0001934,-0.0001528,0.019932,-0.0073083,-0.0060712,-0.017902,-0.013015,0.0031204,0.0069762,0.00072617,-0.019862,0.017261,0.0051782,-0.0033355,-0.004405,-0.0054497,-0.013869,-0.010147,0.0059437,0.0017549,-0.00017322,-0.028956,0.040883,0.0092637,0.019141,-0.030944,-0.015566,-0.004722,-0.032793,-0.0057573,-0.023264,-0.028406,0.029559,-0.067323,-0.013559,0.05447,0.0025955,0.056792,0.053651,-0.026348,-0.075235,1.1988
0,-6.2479e-05,7.6176e-05,-0.00092219,-0.00024175,0.0021189,-0.0031542,-0.00034717,1.943e-05,-0.0010369,0.004991,-0.0011085,-0.001348,-0.0017808,0.0034998,0.0025915,0.0021728,0.00065922,0.0030606,0.00056126,0.0046229,0.0048571,-0.0068082,0.0044314,0.010654,-0.0085759,-0.0012891,0.0074799,0.0090171,0.0024938,-0.0029801,0.012446,-0.0044081,0.007108,0.0029129,0.0023968,-0.006726,0.0027705,-0.0043946,0.011094,-0.0083274,0.0071908,-0.018469,-0.006696,-0.0019523,-0.012753,0.00063652,-0.0063964,0.0032606,0.0079578,-0.005047,-0.019302,-0.019236,0.012228,-0.011473,-0.020814,-0.00099423,0.0076972,0.011433,-0.0057193,0.0081373,0.01885,0.0049968,-0.021956,0.010346,-0.044836,0.00063242,-0.026256,-0.026224,-0.017263,0.039825,-0.03238,-0.0071002,0.041378,0.0461,0.049056,0.084083,0.060702,-0.044209,1.2127
0,0.00074371,-0.0003854,0.00149,0.0010798,-0.0028082,0.0034544,7.3479e-05,-0.0013004,-0.00068307,-0.0034721,-0.0029507,0.0016359,0.00237,-0.0023761,-0.0027595,-0.0025452,-0.0047672,-0.0017357,-0.00056583,-0.0084367,-0.010083,0.0039583,0.00075666,0.0019343,0.00037931,0.0010659,-0.0032425,0.00071776,0.0043641,-0.0020662,0.00066949,0.0028112,0.014392,0.003298,-0.015023,-0.0020081,0.012394,0.0060391,-0.0035325,-0.0076196,0.030875,-0.0089898,0.004522,-0.0092518,-0.0079759,0.011836,-0.01451,-0.0057009,0.0010839,-0.016457,-0.015069,-0.00052418,-0.0012775,-0.0029486,-0.018807,-0.0078771,-0.018421,0.0084117,-0.001999,0.0096371,0.020099,-0.024926,-0.0065926,0.0030422,0.0014756,0.023713,-0.0070361,-0.02275,-0.0018604,0.0075253,0.0078364,0.02676,0.017741,0.028279,-0.0025469,0.084177,0.04028,-0.098319,1.1534
0,-0.00026331,0.00017286,-0.0010721,-0.001342,0.0015479,-0.0018876,-0.00094071,0.00055959,0.0017652,0.002996,0.0042482,-0.0023361,0.00068325,0.0018602,0.0014839,-0.00070537,0.0065876,0.0050476,-0.0014959,0.0016927,0.00257,-0.0063429,-0.00024818,-0.011536,0.0055637,-0.0014799,0.0011656,0.0024911,-0.007045,0.0058497,-0.0054317,0.012031,-0.0089008,0.0065073,-0.010264,0.0045843,-0.0024076,0.014019,0.0021009,-0.0047159,0.012962,0.0073985,0.010635,0.0037866,0.005333,0.008293,-0.0087355,0.00040319,0.016125,-0.00056158,0.0018893,0.0058074,-0.01937,0.0040038,-0.0018023,-0.0069028,-0.029484,0.023883,0.027698,0.0075273,0.02189,-0.029579,-0.011453,-0.023586,0.025139,0.023695,0.01319,-0.024478,-0.018817,0.0032544,0.047918,0.0076774,0.016083,0.073472,0.0035104,0.063629,0.077017,-0.1136,1.1993
0,-0.00019052,0.00030746,0.00048378,0.0011184,-0.001932,-0.00013429,0.0020623,-0.0012757,-0.00047011,-0.00060082,-0.001171,0.00076541,0.0033008,-0.0016061,-0.00011423,0.0030214,-0.0047373,-0.0042807,0.0020154,0.0055772,0.0077323,-0.00090207,-0.0013797,0.0049961,-0.0018138,0.0002999,-0.011031,-0.0074899,0.0057033,0.0017123,-0.0052509,-0.013058,-0.0033107,-0.015727,0.0095822,-0.010153,-0.0056367,-0.013789,0.0098572,-0.0005343,-0.005768,0.019742,0.00052166,-0.0033484,-0.0058902,2.1341e-05,0.0060498,0.014527,0.018578,0.0037218,-0.01334,0.011798,-0.01099,0.0091777,0.015779,-0.019548,-0.021982,0.021249,0.028331,0.00032392,0.01524,-0.019669,0.014024,-0.0024009,0.012891,0.010786,-0.015988,-0.00020085,-0.020772,0.017802,0.023317,0.035978,-0.016545,0.082453,0.021554,0.084832,0.070763,-0.10321,1.1825
0,0.00010247,-0.0019272,-0.00096856,-0.0025293,0.0040028,0.0022238,-0.0032081,0.00023501,0.0015198,-0.0001778,-0.00097112,0.00236,-0.0032029,-0.001907,0.0032139,-0.0065658,0.00075707,0.0008616,-0.0034711,-0.0041295,-0.0091264,0.0026664,-0.0028893,-0.0052582,0.0085024,0.00053626,0.0039861,0.0027781,-0.0042736,-0.0069256,-0.0049151,-0.0055335,0.0045422,0.0032466,0.011329,0.0021777,-0.0044612,-0.013898,0.0015521,0.012136,-0.015969,0.0011904,0.0025474,-0.0016397,-0.01494,0.0096739,0.019689,0.0081315,-0.0040779,-0.0086646,-0.015412,-0.0060595,0.01456,-0.00315,0.0082619,-0.01348,0.0028272,0.002929,0.0080478,-0.011767,0.0047673,-0.012315,-0.00414,0.016771,0.015071,-0.01,-0.033433,0.015669,-0.022599,0.013689,-0.021007,0.04062,-0.021407,0.059282,0.0042307,0.076492,0.10413,-0.093343,1.1348
0,-0.00013224,0.0018519,0.0016052,0.0013719,-0.0030116,-0.0030554,0.0027388,-0.00080103,-0.0030768,-0.00052693,0.00039622,0.00015938,-0.0006637,0.00137,-0.0041239,0.0021789,0.0067647,0.0026475,0.0061181,0.0044969,-0.0029507,0.0021491,-0.0012873,0.0034325,-0.0012821,0.0020263,-0.0028813,0.0050532,-0.0075032,0.0044288,-0.0028591,0.002097,0.0039388,0.008441,0.014222,0.010611,-0.00021844,0.008876,-0.0053899,0.016845,0.00096571,-0.0040371,-0.0051338,-0.0059341,-0.0056499,0.0054146,0.01071,-0.00094217,-0.021493,-0.028584,0.030165,-0.0041153,0.017298,-0.00079895,-0.0010209,-0.0075398,0.0013558,-0.015545,-0.0054126,-0.014146,-0.016581,-0.014319,0.0052963,0.014102,0.024612,-0.0077074,0.0052942,0.016796,-0.022023,0.018664,-0.0054751,0.036826,-0.018035,0.058055,0.00027465,0.090415,0.15384,-0.13253,1.1214
0,0.00014122,-0.0010068,-0.00077365,-2.4458e-05,0.0024509,0.0029643,0.00016447,-0.0001412,0.002552,0.00048928,-0.00067301,-0.0012368,0.003778,0.00012483,0.0053523,-0.0021031,-0.0093972,-0.0039024,0.0010096,0.0018664,0.00921,-0.0015599,0.0038159,-0.00184,-0.00032879,0.0038767,0.002729,-0.0016138,0.0040772,0.0049199,0.0043621,0.0015477,-0.0026639,-0.0027924,-0.014006,0.0020505,0.0074018,0.0082481,-0.011691,0.002017,0.00020053,-0.0058973,-0.0033559,-0.0061451,-0.0079783,-0.017278,0.0021721,-0.014421,-0.0036129,-0.0090607,0.048132,-0.022554,0.013483,-0.00050293,0.013552,9.9002e-05,0.023416,-0.0024093,0.010507,-0.0145,-0.026165,-0.0026659,0.01188,-0.0091129,0.0017791,-0.0046688,0.015866,0.016349,-0.0025342,0.00080495,-0.0025206,-0.0040487,-0.020326,0.062796,0.0038293,0.087219,0.17409,-0.14679,1.0117
0,0.00010559,0.00076374,0.00054753,0.00020233,-0.0022563,-0.0023629,-0.00068919,0.0022455,-0.0039691,-0.0014218,-0.00031857,0.00076682,-0.003115,-0.0038099,-0.0028064,-0.0020025,0.0063277,0.0003371,-0.0067681,-0.002721,-0.0083381,-0.0011759,0.0035217,0.0026571,-0.0020961,0.0042409,0.0065214,-0.00053395,0.0058602,-0.0016695,-0.002547,-0.0015133,-0.00027455,-0.0081091,-0.012977,-0.0096028,-0.013629,0.00069488,-0.00062742,-0.01306,-0.019474,-0.00398,-0.00062466,0.0065397,0.0031272,-0.015713,-0.012187,-0.011212,0.013122,0.024548,0.0079431,-0.01075,-0.0086846,-0.021198,0.014236,0.0106,0.025157,0.0095871,-0.0021049,0.0043879,-0.022331,-0.020638,0.023563,-0.01332,0.0097686,-0.00018136,-0.0034841,0.0055833,0.023195,-0.0013365,-0.0026695,-0.01954,-0.01436,0.052133,-0.046231,0.10537,0.1876,-0.1248,0.96025
0,7.5276e-05,-0.00090991,0.00013679,0.00053848,0.00068241,0.0033507,-0.0013528,-0.0017413,0.001261,0.00058439,0.0042324,0.0019032,-0.0008173,0.0050987,0.0045592,0.0034287,-0.0022392,0.0016761,0.0065308,0.0040004,-0.0010199,0.0099757,-0.0044777,0.0060687,-0.0064369,-0.0071902,-0.0086109,-0.0047886,-0.00636,-0.0015897,-0.0048709,0.011887,0.0025804,0.012063,0.0092501,0.0039222,-0.0041749,-0.0034202,-0.0014423,-0.014303,-0.0019303,-0.0076778,0.0062402,0.0031847,0.011445,-0.012405,-0.00048299,-0.0042125,0.0017362,0.015447,-0.015699,0.0042626,-0.024079,-0.017832,0.0034678,0.0022798,0.010269,-0.010623,-0.019087,0.024059,-0.028222,-0.019983,0.011096,0.0011465,0.0042467,-0.0048598,-0.025727,-0.0063933,0.026491,-0.025694,-0.0019384,-0.023452,0.013573,0.024877,-0.048079,0.068624,0.16748,-0.1158,1.0432
0,0.00021136,0.00063075,0.00029065,0.00015048,-0.0004197,-0.0021546,0.00018356,0.0022244,-0.00054443,-0.002865,-0.0024831,-0.0014606,0.0056372,-0.00021985,0.0021324,0.0028166,-0.0032205,0.0059054,-0.00017722,-0.0040726,0.0024415,-0.0094428,-0.0042082,-0.01098,0.001065,0.0016539,0.0036267,-0.010283,0.0055176,-0.00073689,-0.00050696,0.00042105,0.0055797,-0.0067516,0.0036029,0.0071319,-0.012003,0.001214,-0.0023175,0.0089871,0.011704,-0.0035946,0.019704,-0.0053722,0.001963,0.0035819,0.011196,0.030736,-0.014348,0.014506,-0.012067,-0.0074447,-0.020965,-0.010168,-0.0063897,-0.0014778,0.013722,-0.022967,-0.018467,-0.0056509,-0.025864,0.016545,-0.012959,0.026448,-0.018761,-0.022118,-0.0027075,-0.028898,-0.00015765,-0.0014211,-0.02055,-0.0084263,0.042187,-0.020138,-0.051436,0.047121,0.16578,-0.14049,0.98974
0,-0.00044243,-0.00076282,0.00079355,0.00019905,-0.00015072,0.0016346,0.00033392,-0.0025037,0.00092219,0.0014724,0.00045398,-7.4803e-05,-0.0058683,0.005291,-0.0046834,-0.0045279,-0.0010439,-0.0048057,-0.00082058,0.00012015,-0.0016975,0.0034629,0.0023996,0.0062746,0.0021869,0.00022951,0.0080167,0.0059053,-0.0040893,-0.0020291,0.0033039,-0.0035228,-0.01322,-0.004699,-0.0049761,-0.0092055,0.0045731,0.0029855,0.0072312,0.00033514,0.0098168,0.0090311,0.0035387,-0.0038755,-0.00036033,0.0056721,0.0038936,0.039627,-0.014764,0.024428,0.014562,0.020285,-0.0090215,0.020548,-0.0046392,0.0075212,-0.014,-0.0093704,-0.011637,-0.028291,-0.020461,0.029723,-0.0043523,-0.012266,0.010446,0.0024477,0.019599,-0.018031,-0.0094857,0.021016,-0.010755,-0.033799,0.050885,-0.015519,-0.071492,0.076795,0.17946,-0.10065,0.96711
0,0.00028658,0.0010662,-0.00046454,-0.0011444,0.00042953,-0.00042038,-8.8149e-05,0.0014848,-0.0013929,-0.00088331,0.00015906,0.00079488,0.0045007,-0.0076649,0.00363,0.0063082,0.003871,-0.0053251,-0.0019365,0.00062243,0.0029588,0.0013421,0.00086144,-0.0066045,0.0044498,0.0019808,-1.9661e-05,0.00070513,-0.00071776,-0.0019635,0.0016787,0.0063769,0.0014539,0.0090266,0.01205,-0.016398,0.018321,-0.0082569,0.002572,-0.010735,-0.0024936,-0.0041014,-0.015589,0.011699,-0.0095673,-0.0019651,0.0046322,-0.0040876,-0.013658,-0.0048704,0.00015982,0.026992,0.014661,0.024343,-0.0030773,0.021807,-0.0087175,0.018162,-0.015862,0.0066307,-0.014139,0.0086291,-0.014912,-0.019761,0.0012691,0.010406,-0.0048674,-0.017443,-0.005275,-0.019882,-0.001083,-0.036814,0.024393,-0.046716,-0.07521,0.055371,0.21263,-0.11964,1.1283
0,-3.7241e-05,-0.00035476,0.00018258,0.000662,-0.00024096,-0.00023742,0.0010643,-0.0015607,0.0022848,-0.0014678,-0.0019616,-0.0023113,-0.0043086,0.0035575,-0.0042587,-0.0050452,7.1161e-07,0.0082173,0.0020188,0.00041233,0.0054223,-0.0034401,0.0023541,-0.0015355,-0.00097804,0.00057624,-0.0042512,-0.0065861,-0.0030218,-0.003796,-0.00026417,-0.0066696,0.0037454,-0.0025916,-0.010919,0.0016058,0.003377,-0.0081518,0.0012729,0.014404,-0.008842,0.0070047,0.0027914,0.00043585,0.0045659,-0.0035573,-0.0056815,-0.017878,0.0067285,-0.04207,-0.024378,0.017325,0.0044703,0.016093,0.013647,0.040181,0.022208,0.023141,-0.016027,0.0012621,-0.00037569,-0.0011373,-0.012828,0.0023261,-0.014437,0.0034199,-0.0058999,0.011914,0.0027754,-0.04055,0.040414,-0.040083,0.012219,-0.048097,-0.045706,0.050413,0.19315,-0.10289,1.0337
0,0.00033346,0.00036962,-0.00019727,-0.0008831,0.0020519,-0.00040678,-0.0012484,6.6191e-06,-0.0035886,0.0026608,0.00041176,0.00071291,0.00059429,-0.0013515,0.0023553,0.0030861,-0.001426,-0.0042059,0.0011229,-0.00032579,-0.0064837,0.0058853,-0.0057503,0.00036752,-0.001491,-0.0029984,0.0016916,0.0036484,0.0058268,0.0051244,0.010152,-0.0012636,-0.0038307,-0.0092776,0.0038523,0.0097047,-0.016388,0.0012095,0.0090568,0.0034853,0.021087,0.011444,-0.01219,-0.0086291,0.023809,0.011792,-0.0059398,-0.0074256,0.002756,-0.014792,-0.0083934,-0.013207,0.017811,-0.01531,0.018554,-0.010549,0.00049778,0.014514,-0.00456,-0.035762,0.015046,0.015355,0.0086195,-0.014409,-0.0042203,-0.0049473,0.010512,0.026376,-0.0061083,-0.038941,0.064257,-0.061724,0.00039356,-0.05353,-0.0048992,0.0021592,0.21736,-0.061925,0.95969
0,-0.00015945,-0.00060003,0.0008337,0.00082119,-0.00099156,0.0007992,0.00061875,-0.001407,0.0015854,-0.0019212,-0.00083128,-0.0010399,-0.00097027,-0.0017887,-0.00092143,-0.00076206,0.0009234,0.001625,-0.0017341,0.0028919,0.001288,-0.0046832,0.0042997,-0.0020137,-0.0043875,-0.0067999,-0.0091237,0.0015358,-0.001039,-0.011752,-0.0017607,0.00086844,0.0047688,0.0028203,-0.0027434,0.0078666,0.0042206,-0.0017298,0.0079371,-0.00073703,-0.011457,-0.00033332,-0.0071179,0.017988,-0.011332,0.021902,0.02115,-0.019131,0.015071,0.031614,0.015098,-0.026245,0.00058307,-0.0036731,-0.031266,-0.029823,-0.015684,-0.021544,0.0018442,-0.035991,0.022976,0.018353,0.0085472,0.011326,-0.0081988,0.011846,0.017513,-0.019049,-0.0061274,-0.047081,0.038718,-0.051909,-0.015318,-0.034249,-0.0094224,-0.01581,0.18979,-0.043358,1.0168
0,-0.00033195,0.00012622,0.00039185,0.00036409,-0.00047499,-0.001409,0.0010254,0.0017989,-0.00097118,0.0015491,0.0018592,0.00045097,-0.001418,0.0015756,0.0024948,-0.0010021,0.00015367,-0.0011242,0.0025432,-0.0051195,0.005261,0.0054887,-0.0021296,0.0039918,0.010715,0.0076167,0.0093141,-0.0015838,-0.0098351,0.010445,-0.00079831,-0.0072323,0.0023066,-0.0042183,-0.00099939,-0.00059704,0.0020452,-0.0094728,-0.012325,-0.0047245,-0.0053139,0.0014618,0.0014864,-0.0090235,0.0060443,0.0067872,-0.016375,-0.015641,-0.0023617,0.012547,-0.0025533,-0.014961,-0.0042686,0.029679,-0.01876,-0.034436,0.0056846,-0.016627,0.0078849,0.052559,0.024175,0.028846,0.0085588,0.04336,-0.013798,0.022138,-0.0032631,-0.0074262,0.0054233,-0.024849,0.0206,0.02613,-0.036185,-0.03841,-0.020719,-0.02299,0.23111,-0.079679,0.93008
0,-1.2865e-05,0.00012381,-0.0013252,-0.0012705,6.6752e-05,0.0017359,-6.4329e-05,-0.00071261,0.0021135,-0.00077244,0.0015454,-0.00065438,0.00026942,-0.0015058,-0.0038969,0.0002662,-0.00050798,-0.0017569,-0.0050455,0.0012428,-0.0059938,-0.0087382,0.0077425,0.0010176,-0.0051391,-0.005876,-0.0062876,0.0015971,0.0048334,-0.0044215,-9.2171e-05,0.0003263,-0.00042079,0.0047129,0.011504,-0.0039983,-0.0042997,0.018177,-0.0026259,0.0050622,-0.00072972,-0.0038353,0.0096898,-0.0022793,0.026116,-0.021251,-0.0080183,0.0094783,-0.00537,-0.007538,-0.00092906,0.009835,0.016769,0.020657,0.00046049,-0.010562,0.0023441,-0.025565,0.042953,0.037471,0.024988,0.013364,0.025729,0.00055118,-0.031675,-0.0037495,-0.02245,0.0079002,-0.017797,0.024113,-0.015239,0.0087638,-0.048934,-0.05107,-0.0052774,-0.027111,0.2425,-0.073261,1.0468
0,-3.8639e-05,-0.00051212,0.00055566,0.00054876,0.0002847,-0.0014455,9.6995e-05,0.0021624,0.00085091,0.0020047,-0.0027582,0.00072822,0.00022744,0.0011139,-0.0020288,-0.00095544,0.0018025,0.0021445,0.0024152,-0.0031989,0.0048322,0.0060187,-0.007481,0.0042024,0.0052922,-0.0029928,-0.0016204,-0.00025844,0.0095757,0.0038894,-0.0073405,-0.0024644,-0.007177,0.005987,-0.0068093,0.00042035,-0.0017638,-0.00071078,-0.013069,-0.0090954,0.011441,-0.0016044,0.00053502,0.019325,-0.016913,-0.0097478,0.013906,0.011696,0.00059669,0.0030961,0.0014885,0.0073815,0.00084882,-0.023503,-0.023753,0.037148,-0.012693,-0.0018542,0.017258,-0.0079802,0.040969,-0.0075471,0.014533,-0.027544,-0.011712,-0.048981,-0.016644,0.044084,-0.0099327,0.0057366,-0.018139,0.017827,-0.063711,-0.051249,0.0427,-0.078521,0.26482,-0.033717,1.0025
0,-6.0103e-05,0.00020618,0.00088127,-0.00059601,-0.00094901,0.0014412,-0.00050196,-0.0017499,0.00045906,-0.0016776,0.0031004,-0.00035869,0.00037905,-0.0019181,-0.0016083,0.00513,-0.004459,-0.0012497,-0.00068327,0.0012424,-0.0030389,-0.0077614,-0.0017703,-0.00096829,-0.0079895,0.011007,0.0039755,0.00090493,-0.011928,0.0035694,0.0044414,0.0096252,-0.0072988,0.0028019,-0.0075725,-0.0061537,0.0015389,-0.0028083,0.0081887,-0.0027354,-0.0093593,0.0029408,-0.0033825,-0.008846,-0.0040816,0.0036104,0.00019783,0.0036185,-0.0018956,-0.0049695,-0.01939,-0.026151,-0.02633,-0.0040266,-0.0066735,0.019173,-0.0095309,0.0042857,-0.010388,-0.013515,0.00012926,0.0098785,-0.043163,0.011632,0.031475,-0.00016965,-0.0086949,0.074419,-0.00065829,0.039038,-0.0080396,0.025564,-0.089962,-0.034769,0.050026,-0.098451,0.17439,-0.039444,0.87426
0,0.00036369,0.00034317,-0.00029439,7.5554e-06,0.00047679,-0.0011393,-0.00047999,0.0017379,-0.00044638,0.0022522,-0.0027519,0.0019333,0.0016927,0.0017191,0.0028569,-0.0025603,0.0017628,0.00083668,0.00027521,-0.00045019,0.0016996,0.0033636,0.0042658,-0.0002773,-0.00054543,-0.0081996,-0.0040766,0.0018421,0.0052411,-0.0021263,0.0011651,-0.010098,0.0092962,-0.0071455,-0.0021315,0.01439,2.2197e-05,0.001551,0.0068595,-0.010621,-0.0077369,-0.025901,0.012357,-0.014624,0.0080429,-0.0021064,0.001549,-0.005646,0.0088146,0.0097882,0.00090499,0.019131,0.003762,0.011089,0.0093584,0.013366,-0.032465,-0.011354,-0.0038073,0.0010866,-0.03873,0.017389,-0.042945,-0.0036156,0.071877,0.045758,0.019123,0.024443,-0.010277,0.031463,0.0042124,0.020931,-0.040116,-0.047885,0.066658,-0.037015,0.1037,0.020761,1.037
0,-0.00032441,0.00012779,-0.00051236,-0.00023219,-0.00036437,0.00028043,0.00031983,-0.0025133,-0.00013178,0.00011132,0.0029384,-0.0017725,-0.0030157,-4.1276e-05,-0.0020341,0.0038151,-0.0033402,0.0022093,-0.00078561,0.0020128,-0.0029226,-0.00018053,-0.0080867,-0.00088084,0.00035816,0.0014284,0.0074974,-0.001897,0.0030149,-0.0089778,-0.0019103,0.00058033,0.0081953,0.0020588,0.0017877,0.00099405,0.0027035,-0.013039,0.0014144,0.018678,0.0097096,-0.0082087,0.0009688,0.0086665,-0.015936,0.0096454,-0.016493,-0.0055039,0.0072652,0.015999,0.022927,0.019982,-0.0042617,-0.024957,0.037068,-0.0072765,-0.0010726,0.021923,0.017138,0.034001,-0.03048,0.010708,0.00022249,-0.025882,-0.036851,0.018252,0.048829,-0.021185,-0.028422,0.0016249,-0.0094643,0.041634,-0.034357,-0.045145,0.073351,-0.072109,0.10864,-0.0037677,1.0427
0,0.00014468,-0.00013739,-1.7612e-05,0.00015376,0.00060663,-0.00030255,-8.1977e-05,0.0021733,-0.0017927,0.0019257,-0.0036491,0.00056858,0.001835,0.00037805,0.003498,-0.0028552,0.0027611,0.0012702,0.0013298,-0.0015957,-0.0012363,0.0044002,0.0041043,0.0023891,-0.00035342,0.00055106,-0.010922,-0.0019232,-0.0010632,0.0062248,0.0035911,0.0098031,-0.0026884,0.0027356,-0.0073015,-0.0050934,0.011619,0.0058851,0.0073892,0.0081818,-0.008104,0.0051715,0.0021693,0.0044866,0.01284,0.015251,0.012862,0.015389,-0.0011377,-0.0043498,-0.0033774,0.011343,-0.021393,0.0012938,0.013638,-0.025132,0.049533,0.025599,-0.025876,-0.017453,0.012049,-0.0049315,0.023576,-0.0047424,-0.032535,0.040127,0.031742,-0.036255,0.013977,0.041712,-0.054789,0.0097972,-0.080591,-0.012737,0.055521,-0.069533,0.10305,0.057497,1.0341
0,-0.00011201,0.00025952,-0.00050009,-0.00019567,-0.00033865,-4.3072e-05,-0.00040014,-0.002871,0.0014561,-0.0032485,0.0036618,-0.00048988,-0.0021957,0.00035945,-0.0017618,0.0031889,-0.0013164,-0.0020991,-0.0041482,0.00074925,0.00081917,0.00019753,-0.0052159,-0.002195,0.0020249,-0.0030412,0.0058733,-0.0011599,0.0023239,0.00095466,-0.0014232,-0.0075949,0.0048919,-0.0034574,0.0066933,0.01322,-0.0095945,0.0024137,-0.0089859,-0.020868,-0.0083267,0.0061832,-0.0027263,-0.016958,-0.0081188,-0.014372,-0.001521,-0.0029611,-0.0084223,-0.0083392,0.0064886,0.01596,-0.00021486,0.015439,-0.021656,-0.0028287,0.033991,0.0047904,-0.024089,-0.040325,0.032032,-0.044717,-0.025842,-0.016915,-0.00012608,0.013473,0.013029,-0.080723,0.013353,0.01917,-0.013627,-0.02225,-0.027174,-0.0054054,0.082842,-0.072196,0.058089,0.031503,1.0605
0,5.9556e-05,0.00041893,-0.00037896,5.5367e-05,0.0001724,2.4488e-05,0.00059804,-0.0001555,-0.00082923,0.004423,-0.0024006,0.00072794,0.00060938,-0.0012389,0.0019336,-0.0023815,0.00012426,-0.0011024,0.0054531,-0.0023666,-0.0011827,-0.0029919,0.0042517,0.0024925,0.0025408,-0.0014351,-0.0041725,-0.0034911,-0.0059503,-0.0033566,-0.0032209,0.0056264,-0.0040158,-0.0039824,0.0017899,-0.016641,-0.0015719,0.007863,-0.0012936,0.013391,-8.8231e-05,0.015918,9.059e-05,-0.0041943,-0.017043,-0.0036614,-0.026015,-0.0015393,-0.011438,0.017498,-0.014388,-0.00029243,0.026763,-0.017177,0.01264,0.0072944,-0.0004327,-0.047417,0.0082923,-0.0013355,-0.0056268,-0.050325,-0.050223,0.012287,0.017789,-0.014907,0.014819,-0.04085,0.026754,-0.036175,0.011341,-0.044914,-0.015424,-0.010127,0.096431,-0.061926,0.037386,0.0091112,1.0893
0,-0.00047608,-0.00070702,-1.5066e-05,0.00050292,-0.00027332,-0.0008216,-0.0013288,0.0025893,-0.0002764,-0.004765,0.00072307,0.00013126,-0.00047467,0.0040903,-0.0018613,0.00057195,0.0027235,0.0038811,-0.0056889,-0.0016113,0.00098913,0.0027368,-0.005673,-0.0009839,-0.003181,0.0013814,-0.0039447,0.0092527,0.00058805,0.001182,0.01542,-0.0026701,0.00011067,0.00012811,-0.0014514,-0.015361,0.01096,-0.0081365,-0.010986,0.0040262,0.012025,-0.0015583,-0.0088066,-0.0044437,0.010482,-0.011785,0.021844,0.0044797,0.0057069,-0.00786,0.0027672,-0.0033215,-0.013276,0.0051494,0.01211,-0.014418,-0.0059019,-0.0079085,0.039637,-0.0054076,-0.038438,0.0031879,-0.014802,0.011378,0.021424,-0.018926,-0.041151,-0.050176,0.019673,-0.045821,0.028093,-0.041797,-0.043168,0.026846,0.092598,-0.062554,-0.0344,0.043416,1.0291
0,0.00043269,-5.9066e-05,0.00082433,-0.00028535,-0.0005592,0.00010251,0.0016622,-0.00073388,-0.00021561,0.0042928,-0.0025184,-3.824e-05,-0.00067319,-0.0031439,-0.00013383,-0.00056489,-0.0014589,-0.0041926,0.0066405,-0.0017124,-0.0019706,-0.0013295,0.00278,-0.0010974,0.0030153,-0.0040058,0.0088466,-0.0031769,-0.00017507,-0.007774,-0.012677,0.0073771,0.0025805,0.00023477,-0.0023738,0.0054125,-0.0085801,0.0036822,0.0056352,-4.3007e-05,-0.006018,-0.00493,-0.0099907,-0.0018598,0.0022745,0.0035889,-0.0082052,0.0098139,0.010301,-0.025726,0.0076198,0.002836,-0.021992,0.014901,-0.027728,0.001912,-0.0038973,0.025329,0.013184,0.0034236,-0.045503,0.044465,0.023392,0.0004117,0.0026804,-0.035746,-0.056397,-0.042806,0.00145,-0.016719,0.0064964,-0.060401,-0.047271,0.049041,0.071343,-0.08998,-0.060238,0.05675,1.0306
0,0.00013723,-1.6512e-05,-0.00062427,0.00075176,2.8268e-05,-7.1077e-05,7.5773e-05,-0.00044029,0.0012903,-0.0035266,0.0028451,0.0014661,0.0014546,0.0027598,0.0022329,-0.00053208,0.0018767,0.0030062,-0.0028893,0.0031494,0.00036865,0.0016096,0.0025404,-0.002037,0.0031632,0.010695,-0.0057833,-0.0057898,-0.0061064,0.0024549,0.0054322,-0.011702,0.00089818,-0.0043754,0.0060374,0.0043063,0.0060371,0.011756,-0.0014621,-0.0011893,-0.00015047,-0.005452,0.0046043,0.00035333,-0.0096606,0.018794,-0.026542,0.010927,-0.0081206,0.011389,-0.024773,-0.014989,0.025926,-0.0043734,-0.012819,0.012029,-0.0071339,0.00070141,-0.011355,-0.0058634,-0.027067,0.017111,0.061622,-0.075244,-0.0020916,-0.0021034,-0.020393,0.0043458,-0.011041,-0.003497,-0.0023456,-0.042704,-0.051806,0.032165,0.025846,-0.037453,-0.074899,0.050265,1.1066
0,-0.0001778,0.00043045,0.00047822,-0.0012909,-0.00064836,-0.00010722,0.0009798,0.0013293,-0.0014726,0.0015337,-0.0022265,-0.00089095,-0.003096,-0.00046959,-0.0047894,-0.00047901,-0.0046463,-0.00040641,0.0011316,-0.004198,0.0043508,-0.0039519,-0.0024757,-0.0033998,-0.00166,0.00081957,0.0012971,0.0069649,0.00051508,0.006411,-0.015326,0.0035372,0.00061814,0.0080605,0.00039196,-0.0053416,-0.00086302,-0.012551,-0.00024588,-0.0051193,0.0080876,0.0050159,0.012682,-0.00011194,0.0092708,-0.0081593,0.015856,-0.014873,-0.0048678,0.0032629,-0.009298,-0.0088495,0.0095715,0.0050617,0.015023,-0.022367,0.0071228,-0.035552,-0.0332,0.0028078,-0.0056832,0.0059696,-0.00059995,-0.071864,-0.0069937,0.052944,-0.028451,0.026975,-0.058156,-0.0029411,-0.018025,-0.061073,0.0091098,0.037485,0.040346,-0.016754,-0.12006,0.048627,1.0733
0,-0.00010422,-0.00084109,-0.00076497,0.0025024,0.0018533,0.00019327,0.0018994,-0.00037026,0.00044419,-0.0024089,0.0010045,0.0011705,0.0037856,0.0012607,0.0025448,-0.00044402,0.0063268,-0.0026245,-5.8416e-05,0.0012825,-0.0047907,0.0031159,0.0047414,0.0042842,0.0012992,0.0039643,0.0051321,-0.0060272,0.0031027,-0.0083397,0.0041255,-0.0046155,0.0013763,-0.0036463,-0.0018788,0.0029821,-0.0075651,0.0047205,0.003164,0.0002702,0.0019309,0.0019379,-0.0025997,0.010338,-0.005763,-0.00024972,0.0079288,0.0035868,-0.02419,-0.0072477,0.016153,-0.00042221,-0.039668,0.0060989,0.0095134,0.005374,0.0020917,-0.010191,0.00098659,0.02888,0.022517,-0.023175,-0.036827,0.0042111,-0.029044,0.03965,-0.015617,0.057833,-0.071733,-0.036214,0.0019935,-0.078501,0.0097931,0.021016,0.03595,-0.03417,-0.11779,0.047641,1.056
0,0.00020507,0.00053402,0.0012332,-0.0019782,-0.0034053,-3.6439e-05,-0.0028987,0.0028104,0.00041569,0.0010769,-0.0017949,-7.6983e-05,-0.0033229,-0.0015024,-0.0014122,-0.00074658,-0.0071645,0.0028553,-0.00044538,0.0015689,0.0015163,0.00089618,0.0013858,-0.0044654,-6.5037e-05,-0.004765,-0.0031861,0.001182,-0.0043841,0.0035649,0.0088129,0.00034893,-0.00051313,0.0032767,0.0031871,0.0090262,0.0022991,0.00060716,-0.0093492,-0.013499,-0.0057906,0.001852,-0.010662,0.00062206,0.0060431,0.0083865,-0.0074827,0.028046,-0.0041473,0.017678,0.0063438,0.011668,0.017809,-0.00088966,-0.006708,0.0098909,0.0084642,0.027484,0.00736,0.017541,-0.012743,-0.035849,-0.0049201,0.056129,-0.029306,0.0048387,0.025422,0.049669,-0.063984,-0.027903,0.015241,-0.055785,-0.01914,0.03946,0.01838,-0.0054461,-0.12608,0.026893,1.0082
0,-0.00040003,8.8e-05,-0.0010935,0.0017227,0.002904,-0.0007615,0.0034808,-0.0035799,0.00042113,-0.0021611,6.5047e-05,0.00084353,0.0041601,0.00091734,-0.0018063,0.0012026,0.004041,-4.6111e-05,0.0017104,4.5912e-05,0.00036197,-0.0021095,-0.0041433,-0.0019843,0.0053768,-0.0022352,0.0036628,0.0043761,-0.001007,-0.01234,-0.0080099,0.0031273,0.0012353,0.001629,-0.0077319,-0.012774,0.0083237,-0.003865,-0.0080922,-0.0038905,-0.0017056,-0.003522,-0.0028453,-0.030438,0.022366,-0.0077565,0.0051327,0.0056971,0.014456,0.015439,-0.011508,0.011268,0.021061,-0.020372,-0.011582,-0.0072103,0.0039641,0.012479,-0.023597,-0.0036279,0.007283,0.0070571,0.021757,0.032596,-0.00010311,-0.025821,0.051415,0.039314,-0.025124,-0.0059711,0.0015804,-0.020828,-0.040926,0.029012,0.003448,0.029298,-0.11329,0.03184,1.1067
0,0.00073973,-5.7948e-05,0.00081584,-0.0024314,-0.0021445,0.00053956,-0.0037134,-0.00013472,0.00030166,0.0022229,0.0012542,-0.00084293,-0.0014725,-0.0025525,0.0028965,-0.0013776,0.002116,-0.00061318,-0.0037924,0.0018474,0.0044172,-0.00055647,0.0090116,0.0059521,-0.00010192,0.0069939,-0.0019482,-0.0020661,-0.0040375,-0.0015061,-0.0075545,-0.0068271,-0.00057222,-0.0016167,0.0072865,-0.0067389,-0.0044101,0.0020615,-0.0022493,0.0027419,0.019158,-0.015258,0.0071828,-0.0075952,0.0009219,-0.0098915,0.011145,-0.027199,-0.018511,-0.0010045,-0.013334,0.014485,-0.032142,-0.0021129,0.0029129,0.0010715,-0.0036651,0.0020631,-0.012166,-0.029517,0.0092296,0.020339,0.015625,0.011749,-0.0085795,-0.052553,0.059219,-0.0036838,-0.033576,-0.040157,0.014584,0.029667,-0.022743,0.022536,0.028048,0.012137,-0.099849,0.057405,1.0904
0,-0.0003819,0.00029084,-0.00052243,0.0019836,0.0027172,0.0001158,0.00278,0.00082321,-0.00074965,-0.00038086,-0.00069667,0.0017913,-0.00021398,-0.00053734,-0.0020273,0.0025475,-0.0037757,0.0004768,-0.0041469,-0.0013649,-0.0052404,-0.0024463,-0.0040946,-0.0005168,-0.002992,-0.013351,-0.0032734,0.0079859,-0.0015203,0.014866,0.0024494,-0.001613,-0.0043118,-0.0022748,-0.0077592,0.00074315,0.0034261,0.0025545,0.016395,-0.007608,-0.013186,-0.0038518,0.013707,0.012889,-0.016999,-0.0011765,-0.010211,-0.0026528,-0.024845,-0.0061992,-0.0078819,0.0019995,-0.0074193,0.013118,0.0025168,-0.0097685,0.017423,0.0032665,-0.011089,0.020866,-0.0015186,0.016014,0.010072,0.000559,0.024475,-0.061301,0.029677,-0.013974,-0.042285,-0.061413,0.020331,0.050829,0.007058,0.0085184,0.02452,0.031023,-0.066634,0.047166,1.0586
0,0.00025586,0.00022918,0.00011135,-0.001045,-0.0027471,-0.00033256,-0.0036272,0.0012027,0.0021498,0.00127,0.0014207,-0.0027557,0.001446,0.0015466,0.0022932,0.0012581,0.0023765,-0.0019316,0.0011048,0.0016117,-0.0011077,0.0024905,-0.0033454,0.005928,-0.00068842,0.0028184,0.0013078,-0.0024642,0.010006,-0.0086002,0.0029856,0.0076732,0.0057995,0.0031312,-0.0043272,-0.0028976,0.0013404,-0.00024801,-0.0040121,0.01225,-0.0087609,0.0023503,0.0073427,0.0053275,-0.0092228,-0.013996,-0.0057335,0.034985,0.022591,-0.011572,0.0035025,-0.013187,0.012052,0.016985,-0.012071,-0.02423,0.026499,-0.0074029,-0.034184,0.015059,0.02078,0.017058,-0.018364,-0.035437,0.046818,-0.0094263,0.017868,0.015177,-0.015963,-0.032032,0.068512,0.030691,-0.0024425,-0.020277,-0.018971,0.039748,-0.11646,0.10132,1.0871
0,-0.00053542,2.1598e-05,0.00030335,0.0019657,0.0025519,0.00086281,0.002373,0.0011401,-0.002274,-0.00031534,-0.003066,0.0015264,-0.0032827,-0.00081334,-0.003275,-0.0018955,-0.0027134,0.0044292,0.0037681,-0.004548,-0.0011722,0.002484,0.0045618,-0.0060329,-0.0032192,0.001588,0.003422,-0.012288,-0.0072428,-0.0035089,0.0094982,0.0019761,-0.0051242,0.0027028,0.018532,-0.0028987,-0.0087391,0.011737,-0.0092684,-0.0067488,0.0086307,-0.007345,-0.019385,0.0037038,-0.0064072,-0.01306,0.0093129,-0.0022125,0.026292,0.0085453,-0.0090345,-0.0069887,-0.0075733,0.022302,-0.0035405,-0.016692,0.0066815,0.0096117,0.010875,-0.0022133,-0.0031272,0.0020851,-0.027312,-0.043495,-0.0038453,-0.010274,0.039844,0.014686,0.0067932,0.011741,0.014428,0.047502,-0.01135,-0.024486,-0.028144,0.067897,-0.10158,0.1053,1.2358
0,0.00042051,0.00023246,0.00018084,-0.0019965,-0.0013085,-0.0015486,-1.4964e-05,-0.0010441,0.0013461,0.00063054,-0.0011582,0.0017001,0.0019536,0.0043776,0.00040032,-0.0042599,0.0029851,-0.008223,-0.0033593,-0.0041967,0.0051781,0.0025969,-0.0078294,-0.0031217,-0.0065238,0.0018428,-0.0034481,0.00055203,-0.0098527,-0.0010472,-0.0026014,0.0045436,0.01134,-0.0072188,-0.0081998,0.0017878,-0.0053178,0.0019157,0.015153,-0.0035435,-0.01225,0.0046599,-0.010567,-0.0074865,0.0059982,-0.0027658,0.011793,0.0014574,-0.015271,-0.0092563,-0.00038137,-0.0085574,0.0033465,-0.011275,-0.018315,-0.0046901,-0.01361,-0.0039452,0.032955,0.018494,-0.027639,-0.025197,-0.015116,-0.04087,-0.061244,-0.020649,0.025047,0.00057585,0.0064264,-0.00016121,-0.0011486,0.03672,0.002546,-0.058916,-0.03213,0.085971,-0.080988,0.10484,1.1439
0,-0.00052265,1.9212e-05,0.0013809,0.0031531,0.001517,0.0011682,-0.0016149,0.0015246,-0.0017977,0.00082385,0.0028719,-0.0027946,0.00028683,-0.0036537,0.00024513,0.0017115,-0.0027434,0.00083382,0.0034904,0.004623,-0.0027995,-0.0042966,0.0064828,0.0071835,0.01216,0.0022496,-0.0013594,0.0095248,0.0058339,0.0030161,0.00051027,-0.0051342,0.0026222,0.0084404,0.00044323,-0.0007528,-0.00018262,-0.0031858,-0.01119,-0.0026725,-0.015687,0.011279,0.020294,-0.0074942,0.012251,0.011061,0.0045768,0.0008687,0.0017413,-0.0098589,-0.0025669,-0.0034509,-0.0097276,-0.013554,-0.021125,0.00022409,-0.0075147,0.0064317,0.028589,-0.021056,-0.040379,-0.020987,-0.024941,-0.031103,-0.033781,0.00036717,0.0059926,0.0014304,0.0086507,-0.017773,0.00021061,0.02633,0.017872,-0.074239,-0.017533,0.072399,-0.093715,0.11584,1.1033
0,0.00014455,-0.00080028,-0.0031912,-0.0036607,-0.0018892,-0.00078854,0.0038698,-0.001354,0.0040958,-0.00021357,-0.0034499,0.0026071,0.00059308,0.0008826,0.00053793,0.0026825,0.002533,0.0022074,0.00044357,0.00071683,-0.0035442,0.00020497,0.001114,0.0012942,-0.0032964,-0.002161,-0.0016419,-0.00046961,0.0048132,0.0035948,-0.0043999,1.514e-05,-0.015011,-0.0016991,0.0038234,-0.0038427,-0.00019343,-0.016876,-0.011671,0.0012906,0.0062599,-0.013595,0.0031955,-0.00014372,0.0074108,0.018298,-0.025305,-0.0042636,-0.0048836,0.0043213,0.013755,-0.0087396,-0.011518,0.0068649,-0.016263,-0.008302,0.022849,0.0093548,0.015591,-0.035976,-0.01155,-0.018395,-0.018328,-0.0020906,0.0090508,0.011739,-0.026771,0.02149,0.0078666,-0.027207,-0.021489,0.026953,-0.0013052,-0.055324,-0.020857,0.10163,-0.094975,0.13723,1.0491
0,-0.00061748,0.00081098,0.0034451,0.0034694,0.0025551,-0.00046456,-0.0033395,-0.00023614,-4.7336e-05,0.0017139,0.0027181,-0.0011165,0.0018587,-0.0004328,-0.0021243,-0.0048237,-0.00035873,-0.0056256,-0.0012796,-0.00021735,0.0043264,-0.0035747,-0.0046824,-0.0059753,-0.006255,0.0054606,-0.00020805,-0.00054322,-0.0019485,-0.0018675,-0.0026882,-0.0021364,-0.0012939,-0.00090509,0.00185,0.0014001,-0.0019288,-0.0056561,0.0096442,0.0075268,0.011159,-0.015657,-0.0025459,0.016583,0.015125,0.0069066,-0.019682,0.00031158,0.0053699,0.0095724,0.013065,0.019993,0.008824,0.0093851,-0.0062979,0.0029474,0.01724,-0.0063159,-0.0069482,-0.015937,0.017291,-0.023461,0.0018902,0.021179,0.020526,0.0049604,-0.046933,0.0065798,0.011788,-0.040038,-0.055154,0.028001,-0.044543,-0.018463,0.014193,0.1015,-0.073362,0.17653,0.99091
0,0.00052227,-0.00036003,-0.0024309,-0.0020279,-0.0014091,0.0001571,0.0053755,-0.00017471,-0.0042725,-0.0010431,0.0010175,-0.0031897,-0.0050186,-0.00029351,0.004854,0.0026113,-0.0040851,-0.0026712,-0.0031491,-0.0014217,0.0029117,0.0030801,0.0010429,-0.0017575,0.0030911,0.0054212,0.0017385,-0.0015175,-0.0020008,-0.0014046,0.0029465,-0.011856,0.0014323,0.014016,-0.0055921,0.0031687,0.0011972,0.016149,0.010871,0.0011678,-0.0019155,0.0011413,0.0079992,0.008007,0.0093224,-0.0014306,0.0097692,0.012729,0.020932,-0.0047885,0.0082413,0.0050751,0.0032105,-0.013403,0.014204,0.0055074,-0.028705,-0.010006,-0.028265,-0.00014161,0.015946,-0.015996,-0.0068122,0.021449,-0.00052156,-0.012967,-0.027132,-0.0064898,0.027644,-0.051251,-0.031973,0.020937,-0.035301,-0.01365,0.0068683,0.073217,-0.043884,0.15808,0.9967
0,0.00010775,0.00081044,0.001627,0.00037857,-0.0012675,-0.0003735,-0.0041737,-0.0023798,0.0031077,0.00082662,-0.0027542,0.0053256,0.0036155,0.0029258,-0.002504,0.0038165,0.00073993,0.003761,0.0018438,-0.0002638,-0.0039254,-0.0032785,0.0019475,0.0020519,0.0001082,-0.0016381,0.014049,-0.0094234,0.0010338,0.0038662,-6.4285e-05,-0.00087225,-0.016384,0.0014,-0.00089529,0.0020868,0.0067348,0.0058659,0.0011202,-0.010245,-0.009917,-0.00099731,0.008009,-0.0044097,-0.0052946,0.00082174,0.020039,-0.005945,-0.00046909,-0.0085313,0.0052553,-0.004472,0.020892,-0.0043653,0.037918,-0.012841,-0.036567,0.008243,-0.013705,0.010164,0.010071,0.0055474,0.0097044,0.0091184,-0.026839,0.01074,-0.017301,-0.029203,0.026866,-0.032929,-0.0088084,-0.0047941,-0.027807,-0.029543,0.010847,0.076912,-0.03937,0.17919,1.0481
0,-0.00045951,-0.00055525,-0.0012414,0.00013194,-0.00063442,-0.0014647,0.0016476,0.0015925,-3.5682e-06,-0.00051731,0.0054151,-0.0099053,0.0024297,-0.001375,-7.6199e-05,-0.0075134,0.00046416,-0.001377,0.00047968,-0.0020021,-0.0034328,0.0004689,2.6644e-05,0.0047003,-0.0039957,-0.0075832,-0.0029439,0.00099741,0.00045618,0.0015825,-0.002298,0.012519,-0.0009509,-0.0089448,0.0042047,0.0054979,-0.0032808,-0.0027214,-0.010672,-0.0042593,0.0078145,0.0060735,-0.0012991,-0.0097073,-0.023285,-0.005289,0.010926,-0.0023334,-0.0071552,0.0078729,-0.013098,-0.015862,0.0089434,0.016544,0.019477,0.0083972,-0.02189,0.029939,-0.011427,0.003143,-0.011533,0.0071097,0.022111,0.023834,0.00023255,0.014993,-0.010234,0.0021415,0.0090506,-0.0057977,-0.043675,-0.012888,-0.018024,-0.042045,0.0019251,0.068277,0.0049218,0.26687,1.0249
0,1.8757e-05,0.00054843,-0.0006431,-0.00026487,0.0022712,8.2692e-05,-0.0027429,-0.0009398,-0.00095606,-0.0023159,-0.0026779,0.0065851,-0.0049089,0.00051655,-0.0013447,0.0080274,0.0001756,0.002535,-0.00032009,0.0044977,0.004629,0.0031553,0.0029447,-0.0014123,0.0050663,0.0055623,-0.0081784,0.0075534,0.0058879,0.00090565,-0.0064591,0.0096976,0.010458,-0.0035524,-0.0099985,0.0021999,-0.011282,0.0068284,0.0029919,0.015389,0.0093748,0.013905,-0.0037722,-0.0056655,-0.010769,-0.011822,-0.0031274,-0.0038274,-0.00016951,0.016166,0.0022649,-0.01727,-0.0037218,0.031435,-0.0052512,0.010106,-0.010859,0.015326,-0.002973,0.012918,-0.0036844,-0.0046615,0.016971,0.025644,0.0098253,0.0037255,-0.004362,0.0025837,-0.00094578,0.0092356,-0.046983,-0.01638,0.0073178,-0.038036,0.0001473,0.059968,0.002972,0.27601,0.96825
0,0.00075751,-0.0016397,0.0020413,-0.00074867,-0.0021842,0.003027,0.0010979,-0.0014032,-0.0001756,0.003044,-0.0018061,-0.002105,0.0049975,-0.0039162,0.00072207,9.1551e-05,0.0045816,0.0050622,0.0048017,0.0040232,-0.00015631,0.0035996,-0.0076825,-0.0065221,-0.0026047,-0.0053321,0.0076463,0.0031281,-0.0073244,0.0025511,0.010083,-0.016468,0.0089035,0.012099,-0.005536,-0.0052277,-0.0025641,0.002613,0.0039197,0.0058543,-0.0036041,0.0097969,0.0061153,9.4009e-05,-5.8389e-06,-0.020002,-0.0090084,-0.0054846,-0.0087363,0.01766,-0.0038808,-0.0067133,-0.0068749,0.0055388,0.0078812,0.0056212,0.01302,0.0046927,0.028949,-0.016252,0.015889,0.013972,0.021405,0.00045328,0.016657,0.0091511,-0.0025976,-0.0033628,-0.0082057,0.037497,-0.011961,-0.028036,0.030294,-0.017181,-0.0078794,0.036023,-0.018831,0.26346,0.95656
0,-0.00045447,0.0040167,-0.0018029,0.00099353,-0.00027813,-0.0015908,-0.0011341,0.0016787,0.00069966,-0.0033141,0.00037323,0.0018103,-0.0012954,0.0044685,0.0023447,-0.0028713,-0.004562,-0.0045181,-3.977e-05,-0.0087365,0.00080749,0.00058961,0.0014205,0.0015239,-0.0010643,-0.0016539,0.0025469,-0.005147,0.001076,-0.0018789,-0.0025809,0.00080147,0.0024664,0.012905,0.010377,0.0024464,0.013477,-0.0025758,0.0017044,0.0057607,-0.0091809,0.010119,0.0039516,0.0037394,0.0027951,-0.0081812,-0.014937,-0.0076475,-0.003915,-0.0034925,-0.00038382,-0.0073628,-0.018547,-0.027838,0.00069602,0.0072768,-0.0013526,0.012982,0.036219,-0.026994,0.024899,0.029677,0.0086533,0.012549,0.034354,0.0029342,0.014129,-0.0035595,-0.023807,0.034221,-0.0024094,-0.053272,0.043003,-0.0018677,-0.00043275,0.049626,0.021172,0.2075,0.98377
0,1.1292e-05,-0.0040782,0.0015507,-0.00032809,0.00031646,0.00061197,0.0013047,0.0003797,-0.004049,0.0003241,0.0013524,0.00041571,-0.0023609,-0.0014859,-0.0022188,0.00040508,0.00010409,0.0035575,-0.0033235,0.0034606,0.0013,0.0025655,-0.0011569,-0.0022352,0.0018121,0.0078606,-0.001657,-0.007805,0.0043484,0.0066624,-0.0033453,0.016384,-0.0036148,-0.015536,0.0093614,0.0032691,0.012808,-0.0065399,0.0074124,-0.0039985,-0.0096156,-0.014178,0.0075377,-0.0018123,0.0033943,-0.0081242,-0.0080759,0.0064839,0.00013764,-0.022199,0.0080582,0.0023847,0.0069068,-0.02587,-0.010481,0.002926,-0.0087595,-0.021918,0.0192,0.0031561,0.025125,0.01398,-0.0026969,0.015046,0.0092709,0.0040142,0.021813,-0.017507,-0.01158,0.029712,0.011911,-0.054458,0.033481,-0.0073776,0.0013639,0.044916,-0.0032406,0.25329,1.0449
0,-0.00060303,0.0032919,-0.0019168,0.00064222,-0.00049805,0.0012434,0.00012988,-0.00028391,0.0035044,-0.0011028,0.00017405,-0.001489,5.7462e-05,-0.0034122,0.0034471,-0.00085332,-0.0027814,0.0039361,0.0056468,0.002156,-0.0059923,0.0023115,0.0023187,-0.0030829,0.0031362,0.0071567,-0.0054865,0.0099669,-0.0087535,0.00036662,0.001725,-0.0034733,-0.0063527,-0.0092715,-0.011822,-0.00055863,-0.015192,-0.01628,0.0033908,-0.0066964,0.0055844,-0.016578,-0.0055451,0.014534,-0.0018242,-0.0061674,0.010983,0.0087729,0.00024979,-0.014716,0.0060826,0.016426,0.0061196,-0.0099865,-0.00093179,-0.002968,-0.0012077,-0.029321,-0.0036549,0.015613,0.010942,0.0042956,0.0097966,0.0047336,-0.011108,-0.0020838,0.0091143,-0.022814,0.022879,0.056527,0.042699,-0.02957,-0.0098615,0.0057235,-0.030866,0.020304,-0.0064069,0.25355,0.94425
0,0.00067665,-0.0034888,0.0010869,-0.00011314,0.0016014,-0.0027585,-0.00021842,0.0019812,-0.0013496,-0.00074183,0.0019603,0.0027954,0.0029232,0.0015746,-0.0012385,0.0043091,-0.0020562,-0.0033626,-0.0045253,-0.0068226,0.0029615,-0.0049973,0.0056915,0.0036497,-0.005592,-0.0045583,-0.0047461,-0.00061102,-0.0067589,-0.0046604,-0.0038185,-0.0092949,-0.0049425,0.015248,-0.0070306,-4.7482e-05,-0.01598,-0.0065091,-0.015737,0.0048929,0.0019238,0.0080507,-0.0086262,0.0067601,-0.0063938,0.0085875,-0.0090264,0.0024432,-0.0080011,-0.010979,0.00725,0.013737,0.0056491,-0.010636,0.0018162,-0.0050477,-0.0051967,0.00030212,-0.023738,0.0099964,-0.015587,0.0063572,0.010432,0.012362,0.0088265,0.015792,0.0089269,-0.0099896,0.016182,0.059067,0.064554,0.00066487,7.4386e-05,0.0018005,-0.040074,-0.0039875,0.0045931,0.21642,0.99213
0,-0.00074561,0.0018353,-0.0015044,-0.00058369,0.0011363,0.0042362,-0.00060614,-0.0010717,-0.001277,0.0020038,-0.0020718,-0.0008498,-0.0027205,-0.0014404,-0.0027716,-0.0028111,0.0033156,-0.0020281,-0.0027803,0.0048584,0.007806,-0.0026719,-0.0085839,0.00016007,-0.0028895,-0.0059212,0.0056762,-0.0038205,0.0094827,0.0022763,0.0034933,-8.3822e-05,0.0067573,-0.0060818,0.0033498,-0.010605,0.0027887,0.013543,-0.02099,0.00013221,-0.0065461,-0.0023419,-0.0037703,0.0089171,0.0047706,0.031334,0.00078867,-0.0055767,-0.011524,-0.0089931,-0.0071568,-0.0034962,-0.019422,-0.0065704,0.0035043,-0.0017132,-0.014594,-0.014577,-0.027585,0.013518,-0.011511,-0.017938,0.0090808,0.01374,0.0085406,-0.0052967,-0.010137,0.0075671,0.011253,0.041931,0.047185,0.0040462,-0.010279,0.018205,-0.046945,-0.016697,0.039478,0.24091,1.0577
0,0.00074962,-0.0014065,0.0015537,-0.00080186,-0.00069915,-0.0032985,0.0018829,0.0013446,0.004517,-0.00074719,0.0011405,-0.00085716,-4.0568e-06,0.0024775,0.0022206,0.0017641,-0.0046989,-2.3287e-05,0.0035751,0.00027742,-0.00647,-0.0038063,-0.00086722,0.0025466,0.0051908,0.0040954,0.0073165,0.0054374,0.012502,0.00071915,0.00053379,0.0035631,0.0033059,-0.0040224,0.002555,0.008587,0.013883,0.010015,0.0086005,0.0056514,-0.00082211,0.0067845,-0.021874,0.010894,0.011849,0.0054618,0.010284,-0.023198,-0.0041797,0.023508,-0.023971,0.021936,-0.0029124,0.015028,0.0050026,0.009025,0.013438,-0.020961,0.0051322,0.00037406,-0.0060373,-0.017473,-0.0033849,-0.0068179,0.0026445,-0.020236,-0.0010128,0.011762,0.01632,0.026616,0.025923,0.025438,-0.010182,0.063764,-0.042485,-0.00088602,0.049238,0.23807,1.0185
0,-2.4062e-05,0.0010675,-0.0013367,5.8913e-05,0.00025739,0.0030674,-0.0019412,-0.0015426,-0.0057181,-0.00042507,-0.00093967,-0.0026413,0.00043121,-0.00025213,-0.00057971,0.0032651,0.0059455,-0.00058931,-0.0025399,-0.0019702,0.0013769,-0.0019012,0.0046129,0.0030675,-0.00066146,-0.0048211,-6.7563e-05,-0.0077442,-0.0016238,-5.2656e-05,-0.00438,-0.0014277,-0.0061247,0.0046863,-0.0070612,0.021201,0.013235,-0.016332,0.0086628,-0.0043081,0.012991,0.0081464,-0.0023609,-0.016761,-0.0039099,0.0081921,0.0064354,0.0073132,0.0037518,0.012746,0.00092594,-0.0020085,0.0087956,0.013804,0.005544,0.024943,0.036634,-0.024659,0.030996,0.010855,-0.001245,0.0086438,-0.013825,-0.011095,-0.016387,-0.017651,-0.0095723,0.010888,0.024883,-0.0021204,0.024336,0.034846,-0.01282,0.069717,-0.044536,-0.039064,0.010534,0.19432,0.91548
0,0.00050111,0.00082961,0.002098,0.00031364,0.0004042,-0.002574,0.0023157,0.001387,0.0035796,0.0012238,0.0023898,0.0046266,-0.001449,-0.0024825,0.0011913,-0.0011508,-0.0018732,-0.0015193,-0.0030779,0.0027104,-0.0023156,0.0056975,0.0028469,-0.0041918,-0.0023574,-0.0092247,-0.00082314,-0.00090501,-0.0034967,0.00050468,0.0090102,0.0072684,0.0097247,-0.0027212,0.0040454,-0.011523,-0.0036742,-0.009204,-0.0065737,0.0054953,0.00081015,0.0042776,0.021937,-0.016691,0.0035328,0.011813,0.00093002,0.00023813,0.015014,0.00030083,0.023418,-0.012145,-0.0020917,0.007013,0.008991,0.045186,-0.007702,-0.011098,-0.012202,-0.0061859,0.031959,0.017732,-0.010694,-0.018284,-0.036388,-0.0052431,-0.0040227,-0.004502,0.019017,-0.014505,-0.0027133,0.033334,0.0013616,0.082453,-0.047633,-0.085785,0.021336,0.14115,0.96702
0,-0.0011086,-0.0017636,-0.0027586,-3.0359e-05,-0.0014563,0.0018429,-0.0032127,0.00072663,-0.003355,-0.0010602,-0.0033449,-0.0020287,0.0046392,0.0053325,-0.00198,7.2577e-05,-0.0019532,0.0029095,0.0055818,-0.0034137,-0.0026665,-0.0032215,-0.0022387,-0.0013282,-0.00080881,0.0030961,-0.0016251,0.010008,-0.0012405,-0.0034561,-0.002351,-0.0029863,0.0019124,-0.007688,0.012532,-0.0057028,-0.0057527,0.001464,0.0028051,-0.0027321,-0.007218,0.0079584,-0.0013266,0.011812,0.011868,-0.0030984,-0.011326,-0.0081522,-0.0068221,-0.0022862,0.020795,-0.0022705,0.001919,0.00075777,-0.017158,0.022622,-0.021881,0.017258,-0.017967,0.0020226,0.017515,0.023483,-0.017452,-0.0092734,-0.0070835,0.015753,0.028005,-0.006474,0.02594,-0.042594,-0.035579,0.042086,-0.008133,0.091754,-0.055224,-0.094237,0.067387,0.083031,0.98416
0,0.00090397,0.0011043,0.0023766,-0.00076492,0.0016151,-0.00053438,0.0012927,-0.0024339,0.0021788,-0.0019179,0.0018016,4.2711e-05,-0.0038927,-0.0031709,0.0016146,-0.0042944,0.0020803,0.0016329,0.00013639,0.002272,0.0021683,-3.4041e-05,-0.0026991,0.00015108,0.0011297,-0.0013665,-0.004721,-0.0049589,0.013395,0.0029019,-0.0030284,-0.0073137,-0.0093616,0.0089293,-0.0019451,-0.0036166,-0.0044515,0.0012511,0.0079186,-0.0034689,0.0075483,0.0016148,-0.0098854,0.0053519,0.003141,-0.013796,-0.0012436,0.010739,-0.022627,-0.010153,-0.011521,-0.020654,0.013042,-0.018005,-0.015852,-0.012915,-0.0015817,0.014252,0.0096615,0.015593,-0.022379,0.029128,-0.029651,0.016083,0.01066,0.057924,0.035334,-0.0038035,0.038881,-0.037451,-0.03095,0.031652,-0.0044144,0.061692,-0.068279,-0.11189,0.0091182,0.062592,0.96996
0,-0.0011674,-0.00060374,-0.0024588,0.00037253,-0.0010997,-0.0010564,-0.00083705,0.0014237,0.001846,0.0038052,0.00097477,0.00211,0.0012214,0.000749,-0.0061306,0.0020027,9.7815e-05,-0.0078874,-0.0017861,0.0058459,-0.0042379,0.0012225,0.00020769,-0.003254,0.002595,-0.0005316,0.000154,-0.0044692,-0.0066603,0.0088376,6.4017e-05,-0.0063611,0.0048313,-0.0051054,0.00015582,-0.00098189,0.0044543,0.011598,0.0033489,0.0044735,0.013287,0.0031393,0.014776,0.0060666,-0.019493,-0.0089444,0.017005,-0.013678,0.025459,-0.0059889,-0.010211,0.015607,0.0067297,-0.025178,-0.022612,-0.013247,0.032119,0.0054885,0.0062974,-0.0047868,-0.02863,0.012401,-0.012112,0.03194,0.0017562,0.025922,-0.011383,0.027087,0.01394,-0.0053528,-0.016571,-0.022252,0.0068638,0.0051455,-0.096116,-0.083794,-0.031148,0.023086,1.0359
0,0.0013451,0.0011295,0.0028363,-0.0013201,0.00064726,0.0010873,0.00018799,-0.0013515,-0.0015588,-0.003689,-0.00046268,0.00040878,0.00075373,0.00035285,0.0063938,-0.00039057,0.0017527,0.0038491,-0.001864,-0.0055999,0.003929,-0.0036081,-0.0053283,0.0063448,5.9403e-05,-0.0038151,-0.0010106,0.014098,-0.0052749,-0.0023299,-0.002788,0.0012114,-0.0073,-0.011528,0.0063642,0.0029195,0.0037856,0.012342,-0.0043028,-0.0016361,-0.0019713,0.0012769,0.0059933,-0.00054352,-0.020136,-0.0027943,-0.017251,-0.0026827,0.03262,-0.012808,0.0063951,0.020746,-0.009172,0.0010587,0.012526,-0.02406,0.0037318,-0.0072455,0.0036537,-0.0126,-0.0074249,0.00087846,-0.0095258,0.0022271,-0.023497,-0.0070508,-0.016325,0.039626,-0.0051755,0.0041587,-0.03643,-0.030504,0.017592,-0.0099347,-0.11154,-0.099235,-0.038768,0.011135,1.0506
0,-0.0013234,-0.0013178,-0.0023574,0.0027898,-0.001575,-0.0020767,-0.0014306,0.0026011,0.0011208,0.0022425,0.00016145,0.001481,-0.0013831,-0.0036556,-0.00060966,-0.0012866,-0.0010675,0.0011306,0.00016986,0.0046868,0.00066915,0.00091611,-0.0050805,-0.00055483,-0.0010231,0.0032112,-0.0045628,-0.0028346,0.001911,-0.003662,-0.0050436,-0.00056675,0.0021605,0.010509,-0.012271,0.0055592,0.0019632,0.0016063,-0.00026802,-0.0062608,-0.0067301,-0.010624,-0.019802,-0.017684,-0.00136,0.00020509,-0.021134,0.0080935,-0.0071716,-0.0060121,-0.0075656,-0.00066432,-0.0074674,0.013233,0.042511,-0.026793,-0.022597,-0.017241,0.0051603,-0.03546,0.013513,0.00447,-0.01119,-0.0049402,-0.017339,-0.028362,-0.0072591,0.00043993,-0.00658,-0.0010884,-0.041121,0.0031275,0.035541,0.0086615,-0.12105,-0.10941,-0.021781,-0.068101,1.0927
0,0.0011025,0.0010648,0.0016173,-0.0019557,0.0018872,0.0024612,0.0022568,-0.00013278,-0.0007488,0.00044616,-0.001222,-0.0030595,0.0011725,0.0083281,-0.0038677,0.00041236,0.003151,-0.0052342,0.0035891,0.0012025,-0.002219,-0.0019425,0.0098881,-0.0053761,-0.001377,0.010497,-0.0014879,-0.0014071,0.0077917,0.0098134,0.009721,0.0063617,0.0089339,0.0062295,-0.0033185,0.0018818,-0.0115,-0.014868,-0.0070968,-0.0050009,-0.0096654,-0.0058047,0.001312,-0.0012826,-0.0089147,0.0016781,-0.00040357,-0.001616,-0.00024089,0.0093693,-0.0038903,0.014638,0.0070077,-0.0072633,0.013795,-0.015467,-0.01402,0.011343,0.0085898,-0.0090742,0.014839,-0.011403,0.011168,0.0081182,0.019695,-0.027555,-0.0076773,-0.019372,-0.018378,-0.015082,-0.015807,0.0018848,0.015512,-0.010278,-0.082364,-0.14259,-0.049008,-0.071105,1.0909
0,-0.0004797,-0.00088395,-0.001675,0.0014359,-0.001584,-0.0032022,-0.001616,-0.0058043,-0.0023585,-0.0021341,-0.00033106,0.00047688,0.0014055,-0.0046183,0.0021126,-0.0039355,-0.0042629,0.0023732,-0.00066022,-0.0026194,0.0069295,0.0076651,0.0049621,0.0020148,-0.0053551,-0.0011003,0.010121,0.003091,0.0028813,0.0023384,0.0086274,0.0077678,-0.008566,0.0040887,-9.2417e-05,0.00080844,-0.0068014,-0.002499,0.0050827,0.016688,-0.0036057,-0.0063475,0.014488,-0.00060712,0.0055221,0.0055784,0.013951,-0.0094794,-0.0051589,0.0068721,-0.0066331,0.0063452,0.010441,0.0030554,-0.020198,-0.0046844,-0.0015628,0.012093,0.010035,0.021804,-0.0012369,-0.041672,0.010084,-0.014789,0.032787,-0.016126,-0.0083649,-0.012403,-0.019508,0.0095807,-0.0027729,-0.013877,0.0013989,-0.0072839,-0.09091,-0.1379,-0.046177,-0.055618,1.0456
0,-0.00023441,0.0012262,0.001673,-0.00097234,0.0017035,0.0014525,0.0012085,0.0062659,0.00078052,0.0012843,-0.0015126,-0.0043015,-0.00032679,0.0019753,-0.00049896,0.0062583,-0.0031236,0.0024705,-0.0041886,0.0021673,-0.0031986,0.003306,-0.0062399,0.007929,0.00089762,-0.00030335,-0.00015853,-0.0089852,-0.007084,-0.016357,-0.0052464,-0.0049127,-0.0079667,-0.0052891,-0.0046508,-0.0040062,0.0017427,0.0021756,0.0084225,0.005052,0.0026579,-0.0066787,0.0086503,-0.0045449,0.0104,0.0049406,0.0090184,-0.015601,-0.012106,-0.0018724,0.01023,-0.018457,0.01513,0.011092,-0.012089,0.0030867,-0.0039247,0.022093,0.008004,0.0087999,0.0067793,-0.038764,0.0055971,-0.0036706,0.030394,-0.0064336,0.0030997,-0.024975,-0.0099913,0.029101,-0.02262,-0.024,0.0055551,-0.012316,-0.081244,-0.086778,-0.11252,-0.078152,0.99517
0,0.0015594,-0.00085502,-0.0011704,0.0010869,-0.00094151,-0.00042833,-0.00062502,-0.001725,-0.0019923,0.0023012,0.0039959,0.0046154,-0.0048447,-6.6877e-05,0.0040256,-0.002564,0.0014306,-0.00082118,0.0076209,-0.0039516,-0.0042214,-0.016548,-0.0037387,-0.00030447,0.0022518,-0.00245,-0.0069056,-0.0040669,-0.0011758,0.0051869,0.00067779,-0.0078035,0.00793,-0.00724,0.0019458,-0.0035025,0.012077,-0.0056491,-0.00079721,-0.0031187,0.009463,-0.0037759,-8.1305e-05,0.004513,0.0064323,-0.0063638,0.015872,0.0055959,-0.0052917,0.0067757,0.024783,-0.018181,-0.00071913,0.0059893,0.0063023,0.0061374,0.0021904,0.024473,-0.0080409,0.012323,0.012151,-0.020465,0.0098087,-0.0074624,0.020859,-0.019666,-0.0067884,-0.00063714,0.0085861,0.026056,0.010848,-0.022543,-0.001565,-0.054458,-0.048756,-0.058726,-0.17313,-0.11557,1.1591
0,-0.0010781,-0.00060716,0.00096811,-0.00094267,0.001171,-3.0354e-05,-0.00064293,0.0011315,0.0022946,-0.0062053,-0.0031876,-0.0025301,0.0022152,-0.00068919,-0.0010601,-0.0030256,0.00079594,-8.1907e-05,-0.0013655,0.0067577,0.00081403,0.0034463,0.0084366,0.0023555,0.0015865,-0.0074452,0.0087337,0.0032518,-0.0041076,0.016929,-0.016157,-0.0049205,0.0099665,0.0020656,0.0094369,-0.00039931,0.0050344,-0.0025086,0.012682,0.0039925,0.0094493,0.0013455,-0.013987,0.0029303,0.0069377,-0.0045679,-0.012462,0.013612,0.011161,0.0033621,0.01097,-0.020415,-0.0090706,-0.014317,0.01496,0.0043532,-0.0043479,0.002129,-0.021942,0.013145,0.0066784,-0.014617,-0.012711,-0.001286,0.0010131,-0.021563,0.00090678,-0.0089303,0.026148,0.025049,0.03037,-0.010426,-0.028409,-0.053778,-0.017427,-0.031165,-0.14345,-0.19019,1.2213
0,0.0018129,0.00098789,-0.00078746,0.002229,-0.00053611,0.00121,0.0019755,-0.00098295,0.00044317,0.0080962,-3.5115e-05,0.0012108,0.0035699,0.00098559,-0.0040648,-0.0017478,-0.0017275,0.0022715,-0.0094714,-0.0013455,0.00078497,0.005309,0.00010463,-0.0050659,0.00091655,0.0080772,-0.0029592,0.013224,0.006172,-0.0066785,-0.0026495,-0.00074232,-0.0091411,0.0017503,0.012727,0.013131,0.0075568,-0.0033565,-0.0012582,0.0049446,-0.0031918,0.0064055,-0.00275,0.0012269,-0.0033891,-0.014439,-0.003598,0.00056684,-0.0014147,0.0057578,-0.0046751,-0.020829,-0.016585,-0.0029194,0.0050897,0.014753,6.9526e-05,0.0034768,-0.018205,0.006814,-0.0029754,-0.0034974,0.0011482,0.020704,-0.016254,0.012347,-0.0082465,-0.020932,0.021412,0.017608,0.047073,0.0075547,-0.027754,-0.020288,-0.03019,-0.0033776,-0.16989,-0.20098,1.2175
0,-0.0030654,-0.0006109,0.0014565,-0.0027797,0.001626,-0.0014364,8.7824e-05,0.0012337,-0.00042507,-0.0024351,-0.0014508,0.00077963,-0.0035508,-0.0032205,0.0010856,0.0007133,0.0030164,-0.0059221,0.010431,-0.0011198,0.00023727,0.00076026,-0.0020037,-0.0050263,-0.0095068,0.0052233,-0.0029516,0.0058877,0.0058389,-0.0097718,0.0056581,-0.0030911,-0.0080272,-0.00086807,-0.00084844,0.010662,0.009325,0.0050456,-0.0028064,-0.0021671,-0.0014802,0.0041845,0.019941,-0.0074784,-0.0094711,-0.0062043,-0.0048185,-0.0049412,-0.010493,0.0062045,-0.0029886,0.0036242,-0.0080335,-0.0046679,0.0023334,0.012363,0.00010006,-8.506e-05,-0.00092925,0.005883,0.0079355,0.0078047,0.018417,0.011456,-0.02058,0.014057,-0.0088839,-0.014455,0.022996,0.010852,0.049899,0.018287,-0.026441,-0.0098216,-0.0012528,0.017104,-0.21634,-0.22233,1.2241
0,0.0031952,-0.00032296,-0.0018477,0.0020778,-0.00082366,0.00011118,-0.0011596,0.0035705,-0.0027856,-0.0051945,-0.0022307,0.00012608,-0.0022293,0.0026244,0.0025169,-0.0033275,-0.00095874,-0.0028288,0.0012269,0.013016,-0.00034794,-0.0015784,-0.0055718,-0.0015447,-0.00075307,-0.0044152,0.0082411,-0.0014787,-0.00091942,-0.0021171,0.00064335,0.0098265,-0.0067542,0.003368,-0.0034528,-0.0041022,-0.0087224,-0.0027805,-4.0485e-05,-0.0015088,0.0017931,0.0066667,0.0042856,0.0032323,-0.0044335,0.0037642,-0.0028478,-0.01245,-0.0043755,-0.001994,-0.0065538,0.016832,0.009621,0.0071887,-0.0097545,0.0076009,-0.0020136,-0.018789,0.013566,-0.010726,0.0067679,0.026044,0.011369,0.011841,-0.011947,0.024631,0.0055772,0.0010228,0.016211,0.015525,0.0051157,0.025155,-0.037316,-0.018252,0.028996,0.043206,-0.23764,-0.24636,1.3458
0,-0.0034492,0.00069524,0.0014227,-0.0016691,-0.0015904,0.0015139,0.0018249,-0.0021617,-0.002923,0.0027307,0.0027696,0.0034189,0.0028761,0.0032429,0.0053841,-0.00095609,-0.0021359,0.005414,-0.0075231,-0.0012843,-0.0019487,-0.0034994,-0.0010394,0.0051219,0.0068726,-0.004604,0.00011361,-0.0061242,0.0035262,0.0036906,0.0035348,0.0080594,0.007452,0.0025566,-0.0064066,-0.0019156,-0.009927,-0.003682,-0.001026,0.0029129,-0.00035593,0.0032716,-0.011726,0.013682,0.00050293,-0.0049616,0.00303,-0.0052431,-0.0027933,-0.0017996,-0.0034261,0.010568,0.010831,0.012536,-0.0047232,0.014696,-0.0040984,-0.012039,0.0067782,-0.026012,-0.00013687,0.023213,0.0057241,0.0093824,-0.0040405,0.018128,-0.0016428,0.0097561,0.010005,0.014153,-0.0056037,0.004943,-0.023475,-0.0068884,0.0039964,0.027679,-0.27857,-0.24616,1.3176
0,0.0015015,-0.00015573,-0.0013357,0.00033164,0.0018357,-0.00061868,-0.0023238,-0.0016486,0.0035942,0.00032854,0.0016421,-0.0059373,-0.0021113,-0.0039004,-0.0058702,0.009018,0.0022762,0.0019042,0.0035951,-0.013242,0.003751,0.0063493,0.00067083,0.0039663,0.0020002,-0.005074,-0.0030899,-0.0053492,-0.0013069,0.0075674,0.0065611,0.0018825,0.0061774,-0.0084176,-0.0033479,-0.0036346,-0.00087004,0.0047682,0.0024398,0.0061571,-0.010211,-0.0029178,-0.0058336,0.0069803,0.0051516,0.0019009,-0.0033684,-0.00019557,-0.0035551,0.0045875,0.0036833,0.004999,-0.000716,-0.0080884,0.0017178,0.006243,-0.011027,-0.019016,0.006333,-0.02371,0.0025415,0.021194,-0.0026553,0.0071313,-0.008688,0.020519,-0.010383,0.003212,-0.0040337,0.012874,-0.013547,0.0088813,-0.028794,0.028531,-0.016085,0.059934,-0.26293,-0.25174,1.3172
