4,4,14,21,30,30,31,31,34,34,34,6,6,6,11,12,13,20,23,23,23,26,26,26,33,39,7,7,9,17,17,17,19,19,29,32,37,37,37,39,6,11,16,20,21,24,3,3,6,8,10,11,12,12,13,31,32,32,32,32,32,6,6,6,10,10,11,11,12,12,16,16,20,26,26,26,30,33,36,39,39,39,3,14,14,14,32,34,34,34,7,7,7,9,9,17,17,17,19,19,19,27,29,37,37,10,10,12,30,32,32,2,10,31,5,5,11,20,25,16,26,26,36,36,3,10,11,15,28,30,35,3,6,12,14,14,16,31,31,34,34,34,4,12,12,12,32,32
164,334,418,162,84,248,82,470,84,252,416,42,208,374,136,36,20,24,32,136,324,42,208,376,32,44,214,380,462,132,296,464,212,378,294,188,132,298,464,380,320,114,70,178,82,90,134,466,180,30,454,28,52,218,310,196,52,146,218,312,384,122,290,456,210,378,64,414,142,312,210,378,292,124,290,456,378,146,210,122,288,454,444,114,282,448,114,116,282,448,116,284,450,204,370,34,202,370,122,286,454,118,372,34,370,120,288,188,288,202,298,6,6,6,336,478,250,474,478,238,154,320,68,404,492,494,494,494,494,494,494,174,346,384,52,386,262,52,218,50,218,386,242,114,280,448,282,448
0.95244,0.95244,0.95244,0.95244,0.95244,0.95244,0.95244,0.84853,0.95244,0.95244,0.95244,0.95244,1.0691,0.95244,0.84853,1.0691,0.95244,1.0691,1.0691,0.95244,0.95244,0.95244,0.95244,0.95244,1.0691,0.95244,0.95244,0.84853,1.0691,0.95244,0.95244,0.95244,0.95244,0.84853,0.95244,0.95244,0.95244,0.95244,0.84853,0.95244,0.95244,0.95244,0.95244,0.95244,0.95244,0.95244,0.95244,0.95244,0.95244,0.95244,0.95244,0.84853,0.95244,0.95244,0.84853,0.84853,0.95244,0.95244,0.95244,0.95244,0.95244,0.95244,0.95244,0.95244,0.95244,0.95244,1.0691,0.95244,0.95244,0.95244,0.84853,0.84853,1.0691,1.0691,0.95244,0.95244,0.95244,0.84853,0.84853,0.95244,0.95244,0.95244,0.84853,0.95244,0.95244,0.95244,0.95244,0.95244,0.95244,0.95244,0.95244,0.95244,0.95244,0.95244,0.95244,0.95244,0.95244,0.95244,0.95244,0.95244,0.95244,0.95244,0.95244,0.95244,0.95244,0.95244,0.95244,0.95244,1.0691,1.0691,1.0691,1.0691,1.0691,0.95244,0.95244,1.0691,0.95244,1.0691,1.0691,0.95244,0.95244,0.95244,0.95244,0.95244,1.0691,0.84853,0.84853,0.84853,0.84853,0.84853,0.84853,0.95244,0.95244,0.95244,0.95244,0.95244,0.95244,0.95244,0.95244,0.95244,0.95244,0.95244,0.95244,0.95244,0.95244,0.95244,0.95244,0.95244
5.7018,5.7018,5.7018,5.7018,5.7018,5.7018,5.7018,5.0797,5.7018,5.7018,5.7018,5.7018,6.4,5.7018,5.0797,6.4,5.7018,6.4,6.4,5.7018,5.7018,5.7018,5.7018,5.7018,6.4,5.7018,5.7018,5.0797,6.4,5.7018,5.7018,5.7018,5.7018,5.0797,5.7018,5.7018,5.7018,5.7018,5.0797,5.7018,5.7018,5.7018,5.7018,5.7018,5.7018,5.7018,5.7018,5.7018,5.7018,5.7018,5.7018,5.0797,5.7018,5.7018,5.0797,5.0797,5.7018,5.7018,5.7018,5.7018,5.7018,5.7018,5.7018,5.7018,5.7018,5.7018,6.4,5.7018,5.7018,5.7018,5.0797,5.0797,6.4,6.4,5.7018,5.7018,5.7018,5.0797,5.0797,5.7018,5.7018,5.7018,5.0797,5.7018,5.7018,5.7018,5.7018,5.7018,5.7018,5.7018,5.7018,5.7018,5.7018,5.7018,5.7018,5.7018,5.7018,5.7018,5.7018,5.7018,5.7018,5.7018,5.7018,5.7018,5.7018,5.7018,5.7018,5.7018,6.4,6.4,6.4,6.4,6.4,5.7018,5.7018,6.4,5.7018,6.4,6.4,5.7018,5.7018,5.7018,5.7018,5.7018,6.4,5.0797,5.0797,5.0797,5.0797,5.0797,5.0797,5.7018,5.7018,5.7018,5.7018,5.7018,5.7018,5.7018,5.7018,5.7018,5.7018,5.7018,5.7018,5.7018,5.7018,5.7018,5.7018,5.7018
2,2,2,2,2,2,2,2,2,2,2,2,2,2,2,2,2,2,2,2,2,2,2,2,2,2,2,2,2,2,2,2,2,2,2,2,2,2,2,2,2,2,2,2,2,2,2,2,2,2,2,2,2,2,2,2,2,2,2,2,2,2,2,2,2,2,2,2,2,2,2,2,2,2,2,2,2,2,2,2,2,2,2,2,2,2,2,2,2,2,2,2,2,2,2,2,2,2,2,2,2,2,2,2,2,2,2,2,2,2,2,2,2,2,2,2,2,2,2,2,2,2,2,2,2,2,2,2,2,2,2,2,2,2,2,2,2,2,2,2,2,2,2,2,2,2,2,2
2,2,2,2,2,2,2,2,2,2,2,2,2,2,2,2,2,2,2,2,2,2,2,2,2,2,2,2,2,2,2,2,2,2,2,2,2,2,2,2,2,2,2,2,2,2,2,2,2,2,2,2,2,2,2,2,2,2,2,2,2,2,2,2,2,2,2,2,2,2,2,2,2,2,2,2,2,2,2,2,2,2,2,2,2,2,2,2,2,2,2,2,2,2,2,2,2,2,2,2,2,2,2,2,2,2,2,2,2,2,2,2,2,2,2,2,2,2,2,2,2,2,2,2,2,2,2,2,2,2,2,2,2,2,2,2,2,2,2,2,2,2,2,2,2,2,2,2
0,0,0,0,0,0,0,0,0,0,0,0,0,0,0,0,0,0,0,0,0,0,0,0,0,0,0,0,0,0,0,0,0,0,0,0,0,0,0,0,0,0,0,0,0,0,0,0,0,0,0,0,0,0,0,0,0,0,0,0,0,0,0,0,0,0,0,0,0,0,0,0,0,0,0,0,0,0,0,0,0,0,0,0,0,0,0,0,0,0,0,0,0,0,0,0,0,0,0,0,0,0,0,0,0,0,0,0,0,0,0,0,0,0,0,0,0,0,0,0,0,0,0,0,0,0,0,0,0,0,0,0,0,0,0,0,0,0,0,0,0,0,0,0,0,0,0,0
-0.50752,-1.901,-0.92557,0.0068573,-0.11389,-0.24289,0.76337,-2.1192,-0.74442,-1.125,-0.34384,3.0674,3.4598,2.7341,-1.1186,0.32973,3.4792,-0.75724,4.4092,4.7445,-1.1643,3.6791,3.5482,3.1493,-0.61613,-3.9803,3.3681,3.2376,-3.2361,0.11344,1.6271,0.41961,-4.0445,-4.1317,-3.6997,-2.6066,0.80154,0.59825,0.50071,-3.9513,-0.88247,-1.7103,-1.5921,1.9432,-0.075964,-0.6169,4.2422,4.731,-1.6869,-0.81039,-2.7193,-0.60576,3.7712,4.3414,2.7639,-0.84767,3.8467,-0.092238,3.6877,-0.5572,3.8686,1.8978,2.6524,2.6402,1.3884,-0.085692,-2.6483,1.1958,0.62459,-0.0023023,0.43574,1.8328,1.0565,2.5742,2.487,2.2063,1.0167,3.9934,1.6641,-1.3758,-1.8713,-1.1107,-0.30013,1.229,0.51179,1.6897,3.3352,1.7424,1.3925,1.6856,-1.4954,-0.5341,-1.1694,-1.2095,-0.8129,-0.085988,-0.78188,-1.0039,-1.5825,-1.2922,-1.3483,-0.30574,-0.70009,-0.44164,-0.6192,-2.8819,-1.1971,-1.6417,-1.8616,0.96049,-0.8515,6.1438,5.9515,10.613,3.2698,-2.6423,0.87398,-3.8435,-2.4167,-1.8816,-2.071,-2.2423,-2.0724,-2.3753,6.0318,7.1493,11.514,5.7843,8.3202,7.1575,5.3486,0.94199,-0.0075142,3.546,1.4084,1.7072,-1.5454,2.2952,1.9691,2.2088,1.3806,1.8281,-0.60573,3.6892,3.4576,3.6106,3.8094,3.5297
-0.50752,-1.901,-0.92557,0.0068573,-0.11389,-0.24289,0.76337,-2.1192,-0.74442,-1.125,-0.34384,3.0674,3.4598,2.7341,-1.1186,0.32973,3.4792,-0.75724,4.4092,4.7445,-1.1643,3.6791,3.5482,3.1493,-0.61613,-3.9803,3.3681,3.2376,-3.2361,0.11344,1.6271,0.41961,-4.0445,-4.1317,-3.6997,-2.6066,0.80154,0.59825,0.50071,-3.9513,-0.88247,-1.7103,-1.5921,1.9432,-0.075964,-0.6169,4.2422,4.731,-1.6869,-0.81039,-2.7193,-0.60576,3.7712,4.3414,2.7639,-0.84767,3.8467,-0.092238,3.6877,-0.5572,3.8686,1.8978,2.6524,2.6402,1.3884,-0.085692,-2.6483,1.1958,0.62459,-0.0023023,0.43574,1.8328,1.0565,2.5742,2.487,2.2063,1.0167,3.9934,1.6641,-1.3758,-1.8713,-1.1107,-0.30013,1.229,0.51179,1.6897,3.3352,1.7424,1.3925,1.6856,-1.4954,-0.5341,-1.1694,-1.2095,-0.8129,-0.085988,-0.78188,-1.0039,-1.5825,-1.2922,-1.3483,-0.30574,-0.70009,-0.44164,-0.6192,-2.8819,-1.1971,-1.6417,-1.8616,0.96049,-0.8515,6.1438,5.9515,10.613,3.2698,-2.6423,0.87398,-3.8435,-2.4167,-1.8816,-2.071,-2.2423,-2.0724,-2.3753,6.0318,7.1493,11.514,5.7843,8.3202,7.1575,5.3486,0.94199,-0.0075142,3.546,1.4084,1.7072,-1.5454,2.2952,1.9691,2.2088,1.3806,1.8281,-0.60573,3.6892,3.4576,3.6106,3.8094,3.5297
-0.50752,-1.901,-0.92557,0.0068573,-0.11389,-0.24289,0.76337,-2.1192,-0.74442,-1.125,-0.34384,3.0674,3.4598,2.7341,-1.1186,0.32973,3.4792,-0.75724,4.4092,4.7445,-1.1643,3.6791,3.5482,3.1493,-0.61613,-3.9803,3.3681,3.2376,-3.2361,0.11344,1.6271,0.41961,-4.0445,-4.1317,-3.6997,-2.6066,0.80154,0.59825,0.50071,-3.9513,-0.88247,-1.7103,-1.5921,1.9432,-0.075964,-0.6169,4.2422,4.731,-1.6869,-0.81039,-2.7193,-0.60576,3.7712,4.3414,2.7639,-0.84767,3.8467,-0.092238,3.6877,-0.5572,3.8686,1.8978,2.6524,2.6402,1.3884,-0.085692,-2.6483,1.1958,0.62459,-0.0023023,0.43574,1.8328,1.0565,2.5742,2.487,2.2063,1.0167,3.9934,1.6641,-1.3758,-1.8713,-1.1107,-0.30013,1.229,0.51179,1.6897,3.3352,1.7424,1.3925,1.6856,-1.4954,-0.5341,-1.1694,-1.2095,-0.8129,-0.085988,-0.78188,-1.0039,-1.5825,-1.2922,-1.3483,-0.30574,-0.70009,-0.44164,-0.6192,-2.8819,-1.1971,-1.6417,-1.8616,0.96049,-0.8515,6.1438,5.9515,10.613,3.2698,-2.6423,0.87398,-3.8435,-2.4167,-1.8816,-2.071,-2.2423,-2.0724,-2.3753,6.0318,7.1493,11.514,5.7843,8.3202,7.1575,5.3486,0.94199,-0.0075142,3.546,1.4084,1.7072,-1.5454,2.2952,1.9691,2.2088,1.3806,1.8281,-0.60573,3.6892,3.4576,3.6106,3.8094,3.5297
0.10254,0.063982,0.091179,0.1237,0.006056,0.0069971,0.11906,0.094432,0.068833,0.060444,0.14153,0,0.094195,0.1036,0.11381,0,0,0,0,0,0.058935,0.10814,0.24404,0.17507,0,0.06615,0.21348,0.15544,0.24324,0.17824,0.21559,0.1717,0.20739,0.16283,0.14267,0.011039,0.1734,0.24183,0.063703,0.19311,0,0,6.3278e-05,0,0.06071,0.001175,0,0,0.038949,0,0.00055342,0,0.013434,0.071359,0.0080126,0,0,0.0075676,0.042507,0.00032925,0.030612,0,0,0,0,0,0.10335,0.074349,0.0019247,0,0,0.0094379,0.0045827,0,0,0,0,0,0.00057247,0,0.016002,0,0,0.046597,0.049396,0,0,0.0024153,0.018382,0.0095197,0.076308,0.084536,0.12042,0,0.00025787,0,0.00035499,0.0045846,0.0064127,0.07731,0.0031078,0.15175,0.00014231,0.00032083,0.0070752,0,0,0.00059816,0,0,0,0,0,0,0.0079844,0.011576,0.057755,0.0057249,0.0044386,0,0,0,0.0036165,0.00098041,0.074426,0.0021752,0.0062563,0.016855,0.25517,0.0064087,0.011563,0.0014255,0.076593,0.1233,0.22164,0.26468,0.039143,0.087756,0.086566,0.22023,0.22328,0.27074,0.034955,0,0,0,0,0
0.30894,0.31125,0.30355,0.2923,0.29026,0.2911,0.28836,0.28941,0.30269,0.30248,0.30078,0.34706,0.29874,0.32598,0.32364,0.32635,0.33175,0.22899,0.32754,0.30386,0.30917,0.34253,0.29552,0.3135,0.33702,0.30977,0.31786,0.29042,0.32206,0.34834,0.35208,0.32345,0.33852,0.33811,0.36864,0.32017,0.34469,0.34032,0.3181,0.3514,0.28862,0.29286,0.24902,0.30619,0.30022,0.29249,0.29912,0.30486,0.31343,0.29414,0.30966,0.28396,0.30129,0.25036,0.30014,0.28877,0.30079,0.24256,0.30799,0.18852,0.30664,0.25648,0.23471,0.26732,0.2916,0.30022,0.19339,0.27972,0.2571,0.22592,0.25319,0.25917,0.10517,0.26796,0.30343,0.29549,0.30484,0.22514,0.2272,0.29758,0.11563,0.20288,0.29564,0.20245,0.24362,0.20272,0.30608,0.29037,0.25531,0.27885,0.10754,0.14807,0.056398,0.17203,0.2427,0.31431,0.27216,0.22623,0.14199,0.21732,0.092925,0.095845,0.23543,0.3166,0.1537,0.33143,0.31455,0.30663,0.3088,0.31345,0.32449,0,0,0,0.28431,0.2229,0.2851,0.14634,0.21446,0.28235,0.28174,0.28255,0.27017,0.28301,0.30573,0.34546,0.3255,0.3349,0.25,0.34648,0.35356,0.24272,0.27497,0.28671,0.20844,0.16039,0.29678,0.21695,0.246,0.18183,0.1953,0.22491,0.28214,0.29705,0.30192,0.30826,0.30032,0.29908
0,0,0,0,0,0,0,0,0,0,0,0,0,0,0,0,0,0,0,0,0,0,0,0,0,0,0,0,0,0,0,0,0,0,0,0,0,0,0,0,0,0,0,0,0,0,0,0,0,0,0,0,0,0,0,0,0,0,0,0,0,0,0,0,0,0,0,0,0,0,0,0,0,0,0,0,0,0,0,0,0,0,0,0,0,0,0,0,0,0,0,0,0,0,0,0,0,0,0,0,0,0,0,0,0,0,0,0,0,0,0,0,0,0,0,0,0,0,0,0,0,0,0,0,0,0,0,0,0,0,0,0,0,0,0,0,0,0,0,0,0,0,0,0,0,0,0,0
0,0,0,0,0,0,0,0,0,0,0,0,0,0,0,0,0,0,0,0,0,0,0,0,0,0,0,0,0,0,0,0,0,0,0,0,0,0,0,0,0,0,0,0,0,0,0,0,0,0,0,0,0,0,0,0,0,0,0,0,0,0,0,0,0,0,0,0,0,0,0,0,0,0,0,0,0,0,0,0,0,0,0,0,0,0,0,0,0,0,0,0,0,0,0,0,0,0,0,0,0,0,0,0,0,0,0,0,0,0,0,0,0,0,0,0,0,0,0,0,0,0,0,0,0,0,0,0,0,0,0,0,0,0,0,0,0,0,0,0,0,0,0,0,0,0,0,0
0,0,0,0,0,0,0,0,0,0,0,0,0,0,0,0,0,0,0,0,0,0,0,0,0,0,0,0,0,0,0,0,0,0,0,0,0,0,0,0,0,0,0,0,0,0,0,0,0,0,0,0,0,0,0,0,0,0,0,0,0,0,0,0,0,0,0,0,0,0,0,0,0,0,0,0,0,0,0,0,0,0,0,0,0,0,0,0,0,0,0,0,0,0,0,0,0,0,0,0,0,0,0,0,0,0,0,0,0,0,0,0,0,0,0,0,0,0,0,0,0,0,0,0,0,0,0,0,0,0,0,0,0,0,0,0,0,0,0,0,0,0,0,0,0,0,0,0
0,0,0,0,0,0,0,0,0,0,0,0,0,0,0,0,0,0,0,0,0,0,0,0,0,0,0,0,0,0,0,0,0,0,0,0,0,0,0,0,0,0,0,0,0,0,0,0,0,0,0,0,0,0,0,0,0,0,0,0,0,0,0,0,0,0,0,0,0,0,0,0,0,0,0,0,0,0,0,0,0,0,0,0,0,0,0,0,0,0,0,0,0,0,0,0,0,0,0,0,0,0,0,0,0,0,0,0,0,0,0,0,0,0,0,0,0,0,0,0,0,0,0,0,0,0,0,0,0,0,0,0,0,0,0,0,0,0,0,0,0,0,0,0,0,0,0,0
0,0,0,0,0,0,0,0,0,0,0,0,0,0,0,0,0,0,0,0,0,0,0,0,0,0,0,0,0,0,0,0,0,0,0,0,0,0,0,0,0,0,0,0,0,0,0,0,0,0,0,0,0,0,0,0,0,0,0,0,0,0,0,0,0,0,0,0,0,0,0,0,0,0,0,0,0,0,0,0,0,0,0,0,0,0,0,0,0,0,0,0,0,0,0,0,0,0,0,0,0,0,0,0,0,0,0,0,0,0,0,0,0,0,0,0,0,0,0,0,0,0,0,0,0,0,0,0,0,0,0,0,0,0,0,0,0,0,0,0,0,0,0,0,0,0,0,0
0,0,0,0,0,0,0,0,0,0,0,0,0,0,0,0,0,0,0,0,0,0,0,0,0,0,0,0,0,0,0,0,0,0,0,0,0,0,0,0,0,0,0,0,0,0,0,0,0,0,0,0,0,0,0,0,0,0,0,0,0,0,0,0,0,0,0,0,0,0,0,0,0,0,0,0,0,0,0,0,0,0,0,0,0,0,0,0,0,0,0,0,0,0,0,0,0,0,0,0,0,0,0,0,0,0,0,0,0,0,0,0,0,0,0,0,0,0,0,0,0,0,0,0,0,0,0,0,0,0,0,0,0,0,0,0,0,0,0,0,0,0,0,0,0,0,0,0
0.044095,0.035552,0.038887,0.035822,0.1407,0.13742,0.046495,0.0030033,0.073204,0.035875,0.028493,0,0.036342,0.011523,0.022709,0,0,0,0.0015315,0,0.016111,0.012027,0.027142,0.019471,0,0.0073572,0.023743,0.016242,0.082304,0.026784,0.023977,0.025739,0.030902,0.0025454,0.015868,0.066231,0.02768,0.033709,0.016729,0.021477,0.12507,0.19826,0.097808,0.10533,0.069217,0.26325,0,0,0.044465,0,0.06619,0,0.0014941,0.0079365,0.0092426,0.0022685,0,0.00084166,0.010042,0.0023119,0.013399,0.036877,0.036545,0.051272,0.050816,0.030171,0.034968,0.043688,0.0062526,0.0031394,0.00049421,0.0072326,0.0057912,0.082508,0.092428,0.065517,0.031698,0.043578,0.021733,0.070373,0.0028824,0.053007,0.14288,0.077855,0.08049,0.057673,0.13472,0.13098,0.09637,0.11175,0.0094164,0.012549,0.013394,0.020227,0.0001472,0,0.0010451,0.0026948,0.014065,0.0085984,0.0067978,0.016877,1.5827e-05,3.5682e-05,0.0012711,0.19812,0.12671,0.30663,0.19592,0.16445,0.23388,0,0,0,0.081332,0.019793,0.064546,0.0019886,0.0075887,0.1142,0.11732,0.12675,0.084179,0.091441,0.025183,0.0091886,0.063604,0.031077,0.026251,0.031804,0.034296,0.00015854,0.03209,0.018576,0.024651,0.033916,0.050893,0.017055,0.014333,0.024494,0.027695,0.031632,0.22198,0.29705,0.26623,0.23759,0.30032,0.29908
0.30894,0.31125,0.30355,0.2923,0.29026,0.2911,0.28836,0.28941,0.30269,0.30248,0.30078,0.34706,0.36419,0.32598,0.32364,0.32635,0.34597,0.34615,0.32754,0.30386,0.30917,0.34253,0.32021,0.3135,0.33702,0.30977,0.31786,0.29042,0.32499,0.34834,0.35208,0.32345,0.33852,0.33811,0.36864,0.32017,0.34469,0.34032,0.3181,0.3514,0.28862,0.29286,0.25987,0.30619,0.30022,0.29249,0.29912,0.30486,0.31343,0.29414,0.30966,0.28396,0.30129,0.31697,0.30014,0.28877,0.30079,0.30673,0.30799,0.29214,0.30664,0.24421,0.24398,0.25961,0.2916,0.30022,0.26886,0.287,0.29635,0.30574,0.26684,0.27941,0.22513,0.3073,0.23913,0.24484,0.30484,0.24281,0.24531,0.24119,0.17853,0.1814,0.2786,0.28975,0.2975,0.23852,0.26024,0.27375,0.29298,0.29135,0.24521,0.28498,0.21161,0.23194,0.31249,0.31431,0.32405,0.28421,0.17528,0.29273,0.11006,0.25289,0.30968,0.3166,0.24394,0.33143,0.31455,0.30663,0.3088,0.31345,0.32449,0,0,0,0.28431,0.33781,0.2851,0.30655,0.32357,0.28235,0.28174,0.28255,0.28053,0.28301,0.35411,0.34546,0.32411,0.32396,0.34095,0.34648,0.30353,0.28694,0.29919,0.28671,0.28431,0.28487,0.29678,0.29616,0.29815,0.29166,0.28805,0.28639,0.28214,0.26687,0.30192,0.30826,0.30032,0.29699
0,0,0,0,0,0,0,0,0,0,0,0,0,0,0,0,0,0,0,0,0,0,0,0,0,0,0,0,0,0,0,0,0,0,0,0,0,0,0,0,0,0,0,0,0,0,0,0,0,0,0,0,0,0,0,0,0,0,0,0,0,0,0,0,0,0,0,0,0,0,0,0,0,0,0,0,0,0,0,0,0,0,0,0,0,0,0,0,0,0,0,0,0,0,0,0,0,0,0,0,0,0,0,0,0,0,0,0,0,0,0,0,0,0,0,0,0,0,0,0,0,0,0,0,0,0,0,0,0,0,0,0,0,0,0,0,0,0,0,0,0,0,0,0,0,0,0,0
0,0,0,0,0,0,0,0,0,0,0,0,0,0,0,0,0,0,0,0,0,0,0,0,0,0,0,0,0,0,0,0,0,0,0,0,0,0,0,0,0,0,0,0,0,0,0,0,0,0,0,0,0,0,0,0,0,0,0,0,0,0,0,0,0,0,0,0,0,0,0,0,0,0,0,0,0,0,0,0,0,0,0,0,0,0,0,0,0,0,0,0,0,0,0,0,0,0,0,0,0,0,0,0,0,0,0,0,0,0,0,0,0,0,0,0,0,0,0,0,0,0,0,0,0,0,0,0,0,0,0,0,0,0,0,0,0,0,0,0,0,0,0,0,0,0,0,0
0,0,0,0,0,0,0,0,0,0,0,0,0,0,0,0,0,0,0,0,0,0,0,0,0,0,0,0,0,0,0,0,0,0,0,0,0,0,0,0,0,0,0,0,0,0,0,0,0,0,0,0,0,0,0,0,0,0,0,0,0,0,0,0,0,0,0,0,0,0,0,0,0,0,0,0,0,0,0,0,0,0,0,0,0,0,0,0,0,0,0,0,0,0,0,0,0,0,0,0,0,0,0,0,0,0,0,0,0,0,0,0,0,0,0,0,0,0,0,0,0,0,0,0,0,0,0,0,0,0,0,0,0,0,0,0,0,0,0,0,0,0,0,0,0,0,0,0
0,0,0,0,0,0,0,0,0,0,0,0,0,0,0,0,0,0,0,0,0,0,0,0,0,0,0,0,0,0,0,0,0,0,0,0,0,0,0,0,0,0,0,0,0,0,0,0,0,0,0,0,0,0,0,0,0,0,0,0,0,0,0,0,0,0,0,0,0,0,0,0,0,0,0,0,0,0,0,0,0,0,0,0,0,0,0,0,0,0,0,0,0,0,0,0,0,0,0,0,0,0,0,0,0,0,0,0,0,0,0,0,0,0,0,0,0,0,0,0,0,0,0,0,0,0,0,0,0,0,0,0,0,0,0,0,0,0,0,0,0,0,0,0,0,0,0,0
0,0,0,0,0,0,0,0,0,0,0,0,0,0,0,0,0,0,0,0,0,0,0,0,0,0,0,0,0,0,0,0,0,0,0,0,0,0,0,0,0,0,0,0,0,0,0,0,0,0,0,0,0,0,0,0,0,0,0,0,0,0,0,0,0,0,0,0,0,0,0,0,0,0,0,0,0,0,0,0,0,0,0,0,0,0,0,0,0,0,0,0,0,0,0,0,0,0,0,0,0,0,0,0,0,0,0,0,0,0,0,0,0,0,0,0,0,0,0,0,0,0,0,0,0,0,0,0,0,0,0,0,0,0,0,0,0,0,0,0,0,0,0,0,0,0,0,0
0,0,0,0,0,0,0,0,0,0,0,0,0,0,0,0,0,0,0,0,0,0,0,0,0,0,0,0,0,0,0,0,0,0,0,0,0,0,0,0,0,0,0,0,0,0,0,0,0,0,0,0,0,0,0,0,0,0,0,0,0,0,0,0,0,0,0,0,0,0,0,0,0,0,0,0,0,0,0,0,0,0,0,0,0,0,0,0,0,0,0,0,0,0,0,0,0,0,0,0,0,0,0,0,0,0,0,0,0,0,0,0,0,0,0,0,0,0,0,0,0,0,0,0,0,0,0,0,0,0,0,0,0,0,0,0,0,0,0,0,0,0,0,0,0,0,0,0
0.032691,0.028436,0.028746,0.022064,0.14003,0.13664,0.033253,0.0030033,0.065549,0.029153,0.012752,0,0.0044693,0,0.022709,0,0,0,0.0015315,0,0.009556,0,0,0,0,0,0,0.016242,0,0.0069601,0,0.006643,0.0078358,0.0025454,0,0.065003,0.0083939,0.0068123,0.016729,0,0.12507,0.19826,0.097801,0.10533,0.062465,0.26312,0,0,0.040133,0,0.066129,0,0,0,0.0092426,0.0022685,0,0,0.0053142,0.0022753,0.0099948,0.036877,0.036545,0.051272,0.050816,0.030171,0,0.035419,0.0060385,0.0031394,0.00049421,0.0072326,0.0042406,0.082508,0.092428,0.065517,0.031698,0.043578,0.021733,0.070373,0.0011027,0.053007,0.14288,0.072673,0.074997,0.057673,0.13472,0.13071,0.094326,0.11069,0.0009295,0.0031466,0,0.020227,0.00011852,0,0.0010056,0.0021849,0.013352,0,0.0064522,0,0,0,0.00048421,0.19812,0.12671,0.30663,0.19592,0.16445,0.23388,0,0,0,0.080444,0.015876,0.058123,5.1505e-05,0.0060868,0.1142,0.11732,0.12675,0.083777,0.091332,0,0.0091886,0.063604,0.031077,0.026251,0.031804,0.034296,0,0.023571,0.0048625,0,0.0044788,0.04654,0.0072951,0.0047055,0,0.0028623,0.0015205,0.21809,0.29705,0.26623,0.23759,0.30032,0.29908
0.22895,0.24094,0.25917,0.24035,0.16612,0.13841,0.22703,0.28941,0.21966,0.28009,0.28387,0.34706,0.2856,0.29982,0.32364,0.32635,0.19422,0.16646,0.3014,0.28226,0.29807,0.34253,0.32021,0.3135,0.33702,0.30977,0.31786,0.29042,0.32499,0.34834,0.35208,0.32345,0.33852,0.33811,0.36864,0.32017,0.34469,0.34032,0.3181,0.3514,0.15133,0.13241,0.044819,0.23604,0.2429,0.079743,0.24095,0.19766,0.20761,0.25131,0.17302,0.28396,0.23744,0.19292,0.16198,0.17679,0.24772,0.14844,0.22776,0.10066,0.22507,0.12944,0.11045,0.11808,0.14518,0.19063,0.22916,0.17332,0.14354,0.1247,0.15122,0.15247,0.070656,0.12318,0.11624,0.12911,0.1919,0.071144,0.10374,0.13302,0.075964,0.075862,0.12945,0.067694,0.093508,0.057264,0.098587,0.048919,0.060372,0.056877,0.10643,0.13819,0.1077,0.077123,0.14568,0.22838,0.16247,0.13992,0.076925,0.19588,0.053232,0.16091,0.14126,0.24062,0.088374,0.1941,0.2188,0.20127,0.14201,0.27089,0.12995,0,0,0,0.17612,0.14667,0.18385,0.10528,0.14936,0.082225,0.12203,0.11587,0.079297,0.11154,0.27299,0.28808,0.13972,0.18649,0.29022,0.25381,0.20753,0.13385,0.2009,0.28671,0.27861,0.27613,0.17774,0.18074,0.19759,0.25985,0.27262,0.28639,0.10068,0.053756,0.13709,0.066203,0.12041,0.076157
0,0,0,0,0,0,0,0,0,0,0,0,0,0,0,0,0,0,0,0,0,0,0,0,0,0,0,0,0,0,0,0,0,0,0,0,0,0,0,0,0,0,0,0,0,0,0,0,0,0,0,0,0,0,0,0,0,0,0,0,0,0,0,0,0,0,0,0,0,0,0,0,0,0,0,0,0,0,0,0,0,0,0,0,0,0,0,0,0,0,0,0,0,0,0,0,0,0,0,0,0,0,0,0,0,0,0,0,0,0,0,0,0,0,0,0,0,0,0,0,0,0,0,0,0,0,0,0,0,0,0,0,0,0,0,0,0,0,0,0,0,0,0,0,0,0,0,0
0,0,0,0,0,0,0,0,0,0,0,0,0,0,0,0,0,0,0,0,0,0,0,0,0,0,0,0,0,0,0,0,0,0,0,0,0,0,0,0,0,0,0,0,0,0,0,0,0,0,0,0,0,0,0,0,0,0,0,0,0,0,0,0,0,0,0,0,0,0,0,0,0,0,0,0,0,0,0,0,0,0,0,0,0,0,0,0,0,0,0,0,0,0,0,0,0,0,0,0,0,0,0,0,0,0,0,0,0,0,0,0,0,0,0,0,0,0,0,0,0,0,0,0,0,0,0,0,0,0,0,0,0,0,0,0,0,0,0,0,0,0,0,0,0,0,0,0
0,0,0,0,0,0,0,0,0,0,0,0,0,0,0,0,0,0,0,0,0,0,0,0,0,0,0,0,0,0,0,0,0,0,0,0,0,0,0,0,0,0,0,0,0,0,0,0,0,0,0,0,0,0,0,0,0,0,0,0,0,0,0,0,0,0,0,0,0,0,0,0,0,0,0,0,0,0,0,0,0,0,0,0,0,0,0,0,0,0,0,0,0,0,0,0,0,0,0,0,0,0,0,0,0,0,0,0,0,0,0,0,0,0,0,0,0,0,0,0,0,0,0,0,0,0,0,0,0,0,0,0,0,0,0,0,0,0,0,0,0,0,0,0,0,0,0,0
0,0,0,0,0,0,0,0,0,0,0,0,0,0,0,0,0,0,0,0,0,0,0,0,0,0,0,0,0,0,0,0,0,0,0,0,0,0,0,0,0,0,0,0,0,0,0,0,0,0,0,0,0,0,0,0,0,0,0,0,0,0,0,0,0,0,0,0,0,0,0,0,0,0,0,0,0,0,0,0,0,0,0,0,0,0,0,0,0,0,0,0,0,0,0,0,0,0,0,0,0,0,0,0,0,0,0,0,0,0,0,0,0,0,0,0,0,0,0,0,0,0,0,0,0,0,0,0,0,0,0,0,0,0,0,0,0,0,0,0,0,0,0,0,0,0,0,0
0,0,0,0,0,0,0,0,0,0,0,0,0,0,0,0,0,0,0,0,0,0,0,0,0,0,0,0,0,0,0,0,0,0,0,0,0,0,0,0,0,0,0,0,0,0,0,0,0,0,0,0,0,0,0,0,0,0,0,0,0,0,0,0,0,0,0,0,0,0,0,0,0,0,0,0,0,0,0,0,0,0,0,0,0,0,0,0,0,0,0,0,0,0,0,0,0,0,0,0,0,0,0,0,0,0,0,0,0,0,0,0,0,0,0,0,0,0,0,0,0,0,0,0,0,0,0,0,0,0,0,0,0,0,0,0,0,0,0,0,0,0,0,0,0,0,0,0
0,0,0,0,0,0,0,0,0,0,0,0,0,0,0,0,0,0,0,0,0,0,0,0,0,0,0,0,0,0,0,0,0,0,0,0,0,0,0,0,0,0,0,0,0,0,0,0,0,0,0,0,0,0,0,0,0,0,0,0,0,0,0,0,0,0,0,0,0,0,0,0,0,0,0,0,0,0,0,0,0,0,0,0,0,0,0,0,0,0,0,0,0,0,0,0,0,0,0,0,0,0,0,0,0,0,0,0,0,0,0,0,0,0,0,0,0,0,0,0,0,0,0,0,0,0,0,0,0,0,0,0,0,0,0,0,0,0,0,0,0,0,0,0,0,0,0,0
0,0,0,0,0,0,0,0,0,0,0,0,0,0,0,0,0,0,0,0,0,0,0,0,0,0,0,0,0,0,0,0,0,0,0,0,0,0,0,0,0,0,0,0,0,0,0,0,0,0,0,0,0,0,0,0,0,0,0,0,0,0,0,0,0,0,0,0,0,0,0,0,0,0,0,0,0,0,0,0,0,0,0,0,0,0,0,0,0,0,0,0,0,0,0,0,0,0,0,0,0,0,0,0,0,0,0,0,0,0,0,0,0,0,0,0,0,0,0,0,0,0,0,0,0,0,0,0,0,0,0,0,0,0,0,0,0,0,0,0,0,0,0,0,0,0,0,0
0,0,0,0,0,0,0,0,0,0,0,0,0,0,0,0,0,0,0,0,0,0,0,0,0,0,0,0,0,0,0,0,0,0,0,0,0,0,0,0,0,0,0,0,0,0,0,0,0,0,0,0,0,0,0,0,0,0,0,0,0,0,0,0,0,0,0,0,0,0,0,0,0,0,0,0,0,0,0,0,0,0,0,0,0,0,0,0,0,0,0,0,0,0,0,0,0,0,0,0,0,0,0,0,0,0,0,0,0,0,0,0,0,0,0,0,0,0,0,0,0,0,0,0,0,0,0,0,0,0,0,0,0,0,0,0,0,0,0,0,0,0,0,0,0,0,0,0
0,0,0,0,0,0,0,0,0,0,0,0,0,0,0,0,0,0,0,0,0,0,0,0,0,0,0,0,0,0,0,0,0,0,0,0,0,0,0,0,0,0,0,0,0,0,0,0,0,0,0,0,0,0,0,0,0,0,0,0,0,0,0,0,0,0,0,0,0,0,0,0,0,0,0,0,0,0,0,0,0,0,0,0,0,0,0,0,0,0,0,0,0,0,0,0,0,0,0,0,0,0,0,0,0,0,0,0,0,0,0,0,0,0,0,0,0,0,0,0,0,0,0,0,0,0,0,0,0,0,0,0,0,0,0,0,0,0,0,0,0,0,0,0,0,0,0,0
0,0,0,0,0,0,0,0,0,0,0,0,0,0,0,0,0,0,0,0,0,0,0,0,0,0,0,0,0,0,0,0,0,0,0,0,0,0,0,0,0,0,0,0,0,0,0,0,0,0,0,0,0,0,0,0,0,0,0,0,0,0,0,0,0,0,0,0,0,0,0,0,0,0,0,0,0,0,0,0,0,0,0,0,0,0,0,0,0,0,0,0,0,0,0,0,0,0,0,0,0,0,0,0,0,0,0,0,0,0,0,0,0,0,0,0,0,0,0,0,0,0,0,0,0,0,0,0,0,0,0,0,0,0,0,0,0,0,0,0,0,0,0,0,0,0,0,0
0,0,0,0,0,0,0,0,0,0,0,0,0,0,0,0,0,0,0,0,0,0,0,0,0,0,0,0,0,0,0,0,0,0,0,0,0,0,0,0,0,0,0,0,0,0,0,0,0,0,0,0,0,0,0,0,0,0,0,0,0,0,0,0,0,0,0,0,0,0,0,0,0,0,0,0,0,0,0,0,0,0,0,0,0,0,0,0,0,0,0,0,0,0,0,0,0,0,0,0,0,0,0,0,0,0,0,0,0,0,0,0,0,0,0,0,0,0,0,0,0,0,0,0,0,0,0,0,0,0,0,0,0,0,0,0,0,0,0,0,0,0,0,0,0,0,0,0
0,0,0,0,0,0,0,0,0,0,0,0,0,0,0,0,0,0,0,0,0,0,0,0,0,0,0,0,0,0,0,0,0,0,0,0,0,0,0,0,0,0,0,0,0,0,0,0,0,0,0,0,0,0,0,0,0,0,0,0,0,0,0,0,0,0,0,0,0,0,0,0,0,0,0,0,0,0,0,0,0,0,0,0,0,0,0,0,0,0,0,0,0,0,0,0,0,0,0,0,0,0,0,0,0,0,0,0,0,0,0,0,0,0,0,0,0,0,0,0,0,0,0,0,0,0,0,0,0,0,0,0,0,0,0,0,0,0,0,0,0,0,0,0,0,0,0,0
0,0,0,0,0,0,0,0,0,0,0,0,0,0,0,0,0,0,0,0,0,0,0,0,0,0,0,0,0,0,0,0,0,0,0,0,0,0,0,0,0,0,0,0,0,0,0,0,0,0,0,0,0,0,0,0,0,0,0,0,0,0,0,0,0,0,0,0,0,0,0,0,0,0,0,0,0,0,0,0,0,0,0,0,0,0,0,0,0,0,0,0,0,0,0,0,0,0,0,0,0,0,0,0,0,0,0,0,0,0,0,0,0,0,0,0,0,0,0,0,0,0,0,0,0,0,0,0,0,0,0,0,0,0,0,0,0,0,0,0,0,0,0,0,0,0,0,0
0,0,0,0,0,0,0,0,0,0,0,0,0,0,0,0,0,0,0,0,0,0,0,0,0,0,0,0,0,0,0,0,0,0,0,0,0,0,0,0,0,0,0,0,0,0,0,0,0,0,0,0,0,0,0,0,0,0,0,0,0,0,0,0,0,0,0,0,0,0,0,0,0,0,0,0,0,0,0,0,0,0,0,0,0,0,0,0,0,0,0,0,0,0,0,0,0,0,0,0,0,0,0,0,0,0,0,0,0,0,0,0,0,0,0,0,0,0,0,0,0,0,0,0,0,0,0,0,0,0,0,0,0,0,0,0,0,0,0,0,0,0,0,0,0,0,0,0
0.0017332,0.019614,0,0.0020911,0,0,0,0.12794,0.0021751,0.016044,0.011891,0.012013,0.035041,0.006637,0.25097,0.0039582,0,0,0,0.061925,0.029589,0.014494,0.0093089,0.030019,0,0.0063451,0.0017003,0.0012374,0.00018845,0,0.00073287,0.0022892,0,0,0.00032008,0.017571,0.001212,0.012174,0.0077839,0,0.010404,0.011951,0.033016,0,0,0,0.010025,0.066033,0.18143,0,0.017206,0.061748,0.16708,0.1267,0.13759,0.055511,0.138,0.23346,0.14059,0.15564,0.11097,0,0,0,0,0,0.14894,0.00017951,0.11609,0.14065,0,0,0.0081901,0,0,0,0,0.064567,0.0014191,0,0.0054641,0,0,0.001673,0.0081917,0.010877,0,0.026314,0.0093738,0.026106,0.13208,0.070649,0.13311,0,0.017307,0,0,0.002563,0.0017443,0.081291,0.00066095,0.072798,0.011328,0.035097,0.016161,0.083046,0.10963,0.0065554,0.025812,0.0014137,0.012078,0,0,0,0,0.051651,0,0,0.043896,0,0,0,0.12328,0.0099747,0.029305,0.0082874,0,0,0.14513,0.024396,0,0.28694,0.16083,0.19936,0.24132,0.2234,0.29678,0.19667,0.16884,0.19022,0.17367,0.2268,0,0,0,0.00034001,0,0
0.30894,0.31125,0.30355,0.2923,0.29026,0.2911,0.28836,0.28941,0.30269,0.30248,0.30078,0.34706,0.36419,0.32598,0.32364,0.32635,0.34597,0.34615,0.32754,0.30386,0.30917,0.34253,0.32021,0.3135,0.29959,0.30977,0.31786,0.29042,0.32499,0.34834,0.35208,0.32345,0.33852,0.33811,0.36864,0.32017,0.34469,0.34032,0.3181,0.3514,0.28862,0.29286,0.3138,0.26135,0.30022,0.29249,0.29912,0.30486,0.16003,0.29414,0.30966,0.28396,0.23669,0.17552,0.30014,0.28877,0.2808,0.14326,0.21148,0.14223,0.20326,0.25903,0.31645,0.24926,0.2916,0.30022,0.26886,0.287,0.15785,0.15292,0.29482,0.26802,0.33737,0.28241,0.30343,0.29978,0.30484,0.3053,0.27458,0.29758,0.20662,0.30929,0.29564,0.30573,0.2975,0.30459,0.30608,0.29037,0.29298,0.29525,0.29563,0.30114,0.24653,0.23073,0.1454,0.15007,0.15646,0.16235,0.2417,0.26167,0.20446,0.28127,0.15647,0.14554,0.19334,0.33143,0.31455,0.30663,0.3088,0.31345,0.16611,0.35957,0.36489,0.35345,0.28431,0.33781,0.2851,0.31941,0.32357,0.28235,0.28174,0.28255,0.28053,0.28301,0.35411,0.34546,0.3255,0.35404,0.34095,0.34648,0.35356,0.2627,0.28902,0.28671,0.28431,0.28487,0.2072,0.29616,0.29815,0.29166,0.27335,0.28639,0.28214,0.29705,0.30192,0.30826,0.30032,0.29908
0,0,0,0,0,0,0,0,0,0,0,0,0,0,0,0,0,0,0,0,0,0,0,0,0,0,0,0,0,0,0,0,0,0,0,0,0,0,0,0,0,0,0,0,0,0,0,0,0,0,0,0,0,0,0,0,0,0,0,0,0,0,0,0,0,0,0,0,0,0,0,0,0,0,0,0,0,0,0,0,0,0,0,0,0,0,0,0,0,0,0,0,0,0,0,0,0,0,0,0,0,0,0,0,0,0,0,0,0,0,0,0,0,0,0,0,0,0,0,0,0,0,0,0,0,0,0,0,0,0,0,0,0,0,0,0,0,0,0,0,0,0,0,0,0,0,0,0
0,0,0,0,0,0,0,0,0,0,0,0,0,0,0,0,0,0,0,0,0,0,0,0,0,0,0,0,0,0,0,0,0,0,0,0,0,0,0,0,0,0,0,0,0,0,0,0,0,0,0,0,0,0,0,0,0,0,0,0,0,0,0,0,0,0,0,0,0,0,0,0,0,0,0,0,0,0,0,0,0,0,0,0,0,0,0,0,0,0,0,0,0,0,0,0,0,0,0,0,0,0,0,0,0,0,0,0,0,0,0,0,0,0,0,0,0,0,0,0,0,0,0,0,0,0,0,0,0,0,0,0,0,0,0,0,0,0,0,0,0,0,0,0,0,0,0,0
0,0,0,0,0,0,0,0,0,0,0,0,0,0,0,0,0,0,0,0,0,0,0,0,0,0,0,0,0,0,0,0,0,0,0,0,0,0,0,0,0,0,0,0,0,0,0,0,0,0,0,0,0,0,0,0,0,0,0,0,0,0,0,0,0,0,0,0,0,0,0,0,0,0,0,0,0,0,0,0,0,0,0,0,0,0,0,0,0,0,0,0,0,0,0,0,0,0,0,0,0,0,0,0,0,0,0,0,0,0,0,0,0,0,0,0,0,0,0,0,0,0,0,0,0,0,0,0,0,0,0,0,0,0,0,0,0,0,0,0,0,0,0,0,0,0,0,0
0,0,0,0,0,0,0,0,0,0,0,0,0,0,0,0,0,0,0,0,0,0,0,0,0,0,0,0,0,0,0,0,0,0,0,0,0,0,0,0,0,0,0,0,0,0,0,0,0,0,0,0,0,0,0,0,0,0,0,0,0,0,0,0,0,0,0,0,0,0,0,0,0,0,0,0,0,0,0,0,0,0,0,0,0,0,0,0,0,0,0,0,0,0,0,0,0,0,0,0,0,0,0,0,0,0,0,0,0,0,0,0,0,0,0,0,0,0,0,0,0,0,0,0,0,0,0,0,0,0,0,0,0,0,0,0,0,0,0,0,0,0,0,0,0,0,0,0
0,0,0,0,0,0,0,0,0,0,0,0,0,0,0,0,0,0,0,0,0,0,0,0,0,0,0,0,0,0,0,0,0,0,0,0,0,0,0,0,0,0,0,0,0,0,0,0,0,0,0,0,0,0,0,0,0,0,0,0,0,0,0,0,0,0,0,0,0,0,0,0,0,0,0,0,0,0,0,0,0,0,0,0,0,0,0,0,0,0,0,0,0,0,0,0,0,0,0,0,0,0,0,0,0,0,0,0,0,0,0,0,0,0,0,0,0,0,0,0,0,0,0,0,0,0,0,0,0,0,0,0,0,0,0,0,0,0,0,0,0,0,0,0,0,0,0,0
0,0,0,0,0,0,0,0,0,0,0,0,0,0,0,0,0,0,0,0,0,0,0,0,0,0,0,0,0,0,0,0,0,0,0,0,0,0,0,0,0,0,0,0,0,0,0,0,0,0,0,0,0,0,0,0,0,0,0,0,0,0,0,0,0,0,0,0,0,0,0,0,0,0,0,0,0,0,0,0,0,0,0,0,0,0,0,0,0,0,0,0,0,0,0,0,0,0,0,0,0,0,0,0,0,0,0,0,0,0,0,0,0,0,0,0,0,0,0,0,0,0,0,0,0,0,0,0,0,0,0,0,0,0,0,0,0,0,0,0,0,0,0,0,0,0,0,0
0.025017,0.039088,0.020983,0.079624,0.063323,0.073448,0.038094,0,0.028752,0.009171,0.021396,0.08482,0.079768,0.10806,0,0.0013393,0,0,0.0035883,0.0068872,0.0032908,0.033118,0.03215,0.044384,0,0.0035591,0.12706,0.24739,0.086818,0.18275,0.11964,0.17572,0.21381,0.23362,0.070904,0.15551,0.22509,0.15039,0.19609,0.026591,0.19328,0.16697,0.12253,0.078686,0.17548,0.06238,0.0099919,0.0073442,0.020179,0,0.017604,0,0.018759,0.01439,0.031839,0.0081426,0.015401,0.025965,0.015637,0.018602,0.012377,0.034283,0.006315,0.028268,0.055705,0.034177,0.11294,0.10635,0.013501,0.021419,0.0051465,0.019614,0.0060138,0.051007,0.055489,0.034369,0.045694,0.079793,0.0091399,0.084642,0.019525,0.14206,0.0016389,0.06865,0.054752,0.04975,0.082308,0.071669,0.087768,0.069322,0.01469,0.0078575,0.014804,0.04707,0.0019249,0,0.0091858,0.00028506,0.020848,0.0090412,0.011032,0.0080966,0.0034618,0.0039034,0.0017974,0.025077,0.02915,0.021943,0.044397,0.016993,0.0061086,0,0,0,0.25078,0.10078,0.22625,0.12819,0.12007,0.18945,0.20791,0.23212,0.15544,0.20126,0.0099159,0.023371,0.28655,0.075858,0,0.034759,0.075081,0.040131,0.017888,0.022173,0.026877,0.025062,0.042232,0.021873,0.018778,0.021156,0.019513,0.025225,0.28214,0.1916,0.15876,0.20567,0.20313,0.19111
0.30894,0.31125,0.30355,0.2923,0.29026,0.2911,0.28836,0.28941,0.30269,0.30248,0.30078,0.34706,0.36419,0.32598,0.32364,0.32635,0.34597,0.34615,0.32754,0.30386,0.30917,0.34253,0.32021,0.3135,0.33702,0.30977,0.31786,0.29042,0.32499,0.34834,0.35208,0.32345,0.33852,0.33811,0.36864,0.32017,0.34469,0.34032,0.3181,0.3514,0.28862,0.29286,0.3138,0.23937,0.30022,0.29249,0.29912,0.30486,0.31343,0.29414,0.30966,0.28396,0.30129,0.31697,0.30014,0.28877,0.30079,0.30673,0.30799,0.3264,0.30664,0.31063,0.31645,0.31373,0.2916,0.30022,0.26886,0.287,0.29635,0.30574,0.30258,0.30613,0.33737,0.3073,0.30343,0.31049,0.30484,0.3053,0.31101,0.29758,0.30505,0.30929,0.29564,0.30573,0.2975,0.30459,0.30608,0.29037,0.29298,0.29525,0.31275,0.30114,0.31561,0.2714,0.26169,0.2326,0.22563,0.25446,0.34014,0.29814,0.31706,0.30446,0.26055,0.23684,0.28241,0.33143,0.31455,0.30663,0.3088,0.31345,0.32449,0.35957,0.36489,0.35345,0.28431,0.33781,0.2851,0.31941,0.32357,0.28235,0.28174,0.28255,0.28053,0.28301,0.35411,0.34546,0.3255,0.35404,0.34095,0.34648,0.35356,0.28694,0.29919,0.28671,0.28431,0.28487,0.29678,0.29616,0.29815,0.29166,0.28805,0.28639,0.28214,0.29705,0.30192,0.30826,0.30032,0.29908
0,0,0,0,0,0,0,0,0,0,0,0,0,0,0,0,0,0,0,0,0,0,0,0,0,0,0,0,0,0,0,0,0,0,0,0,0,0,0,0,0,0,0,0,0,0,0,0,0,0,0,0,0,0,0,0,0,0,0,0,0,0,0,0,0,0,0,0,0,0,0,0,0,0,0,0,0,0,0,0,0,0,0,0,0,0,0,0,0,0,0,0,0,0,0,0,0,0,0,0,0,0,0,0,0,0,0,0,0,0,0,0,0,0,0,0,0,0,0,0,0,0,0,0,0,0,0,0,0,0,0,0,0,0,0,0,0,0,0,0,0,0,0,0,0,0,0,0
0,0,0,0,0,0,0,0,0,0,0,0,0,0,0,0,0,0,0,0,0,0,0,0,0,0,0,0,0,0,0,0,0,0,0,0,0,0,0,0,0,0,0,0,0,0,0,0,0,0,0,0,0,0,0,0,0,0,0,0,0,0,0,0,0,0,0,0,0,0,0,0,0,0,0,0,0,0,0,0,0,0,0,0,0,0,0,0,0,0,0,0,0,0,0,0,0,0,0,0,0,0,0,0,0,0,0,0,0,0,0,0,0,0,0,0,0,0,0,0,0,0,0,0,0,0,0,0,0,0,0,0,0,0,0,0,0,0,0,0,0,0,0,0,0,0,0,0
0,0,0,0,0,0,0,0,0,0,0,0,0,0,0,0,0,0,0,0,0,0,0,0,0,0,0,0,0,0,0,0,0,0,0,0,0,0,0,0,0,0,0,0,0,0,0,0,0,0,0,0,0,0,0,0,0,0,0,0,0,0,0,0,0,0,0,0,0,0,0,0,0,0,0,0,0,0,0,0,0,0,0,0,0,0,0,0,0,0,0,0,0,0,0,0,0,0,0,0,0,0,0,0,0,0,0,0,0,0,0,0,0,0,0,0,0,0,0,0,0,0,0,0,0,0,0,0,0,0,0,0,0,0,0,0,0,0,0,0,0,0,0,0,0,0,0,0
0,0,0,0,0,0,0,0,0,0,0,0,0,0,0,0,0,0,0,0,0,0,0,0,0,0,0,0,0,0,0,0,0,0,0,0,0,0,0,0,0,0,0,0,0,0,0,0,0,0,0,0,0,0,0,0,0,0,0,0,0,0,0,0,0,0,0,0,0,0,0,0,0,0,0,0,0,0,0,0,0,0,0,0,0,0,0,0,0,0,0,0,0,0,0,0,0,0,0,0,0,0,0,0,0,0,0,0,0,0,0,0,0,0,0,0,0,0,0,0,0,0,0,0,0,0,0,0,0,0,0,0,0,0,0,0,0,0,0,0,0,0,0,0,0,0,0,0
0,0,0,0,0,0,0,0,0,0,0,0,0,0,0,0,0,0,0,0,0,0,0,0,0,0,0,0,0,0,0,0,0,0,0,0,0,0,0,0,0,0,0,0,0,0,0,0,0,0,0,0,0,0,0,0,0,0,0,0,0,0,0,0,0,0,0,0,0,0,0,0,0,0,0,0,0,0,0,0,0,0,0,0,0,0,0,0,0,0,0,0,0,0,0,0,0,0,0,0,0,0,0,0,0,0,0,0,0,0,0,0,0,0,0,0,0,0,0,0,0,0,0,0,0,0,0,0,0,0,0,0,0,0,0,0,0,0,0,0,0,0,0,0,0,0,0,0
0,0,0,0,0,0,0,0,0,0,0,0,0,0,0,0,0,0,0,0,0,0,0,0,0,0,0,0,0,0,0,0,0,0,0,0,0,0,0,0,0,0,0,0,0,0,0,0,0,0,0,0,0,0,0,0,0,0,0,0,0,0,0,0,0,0,0,0,0,0,0,0,0,0,0,0,0,0,0,0,0,0,0,0,0,0,0,0,0,0,0,0,0,0,0,0,0,0,0,0,0,0,0,0,0,0,0,0,0,0,0,0,0,0,0,0,0,0,0,0,0,0,0,0,0,0,0,0,0,0,0,0,0,0,0,0,0,0,0,0,0,0,0,0,0,0,0,0
0.024824,0.036906,0.020983,0.079391,0.063323,0.073448,0.038094,0,0.02851,0.0073866,0.020074,0.083484,0.067911,0.10732,0,0,0,0,0.0035883,0,0,0.031506,0.031115,0.041046,0,0.0028534,0.12687,0.24739,0.086754,0.18275,0.11955,0.17547,0.21381,0.23362,0.070868,0.15355,0.22496,0.14903,0.19609,0.026591,0.19213,0.16564,0.11886,0.078686,0.17548,0.06238,0.0088769,0,0,0,0.01569,0,0.0001759,0.00029831,0.031839,0.0081426,5.2841e-05,0,0,0.0012915,3.5174e-05,0.034283,0.006315,0.028268,0.055705,0.034177,0.062543,0.10633,0.00058928,0.0057761,0.0051465,0.019614,0.0032426,0.051007,0.055489,0.034369,0.045694,0.079793,0.0091399,0.084642,0.018917,0.14206,0.0016389,0.068464,0.053841,0.04854,0.082308,0.068743,0.086725,0.066419,0,0,0,0.04707,0,0,0.0091858,0,0.020654,0,0.010958,0,0.0022019,0,0,0.015841,0.016957,0.021213,0.035663,0.016515,0.0020217,0,0,0,0.25078,0.083305,0.22625,0.12819,0.10521,0.18945,0.20791,0.23212,0.14173,0.20015,0,0.023371,0.28655,0.075858,0,0.034759,0.075081,0,0,0,3.7774e-05,0.00021577,0,0,0,0,0.00019764,0,0.28214,0.1916,0.15876,0.20563,0.20313,0.19111
0.24189,0.19801,0.25486,0.25365,0.2842,0.24308,0.28836,0.28752,0.20605,0.30009,0.22249,0.34706,0.36419,0.32598,0.32364,0.24125,0.34597,0.34615,0.24327,0.30386,0.26518,0.34253,0.32021,0.3135,0.20251,0.30455,0.31786,0.20789,0.31015,0.27224,0.33848,0.23581,0.28837,0.33811,0.36864,0.23392,0.30804,0.30088,0.26716,0.3514,0.17695,0.21491,0.17663,0.083735,0.15808,0.12613,0.24023,0.24313,0.22034,0.19794,0.30966,0.24711,0.2402,0.17039,0.21539,0.28877,0.2531,0.2293,0.20263,0.1702,0.18608,0.10544,0.17072,0.1033,0.12154,0.15336,0.2485,0.25215,0.16451,0.16145,0.14645,0.11594,0.28418,0.1397,0.13645,0.12707,0.15637,0.11778,0.14033,0.10004,0.098043,0.068411,0.25569,0.27151,0.28388,0.26089,0.27505,0.25653,0.23837,0.26534,0.27973,0.28033,0.24821,0.087908,0.08647,0.08211,0.078139,0.090427,0.10722,0.22755,0.098997,0.23328,0.088732,0.10759,0.12367,0.33143,0.31455,0.30663,0.3088,0.24148,0.11609,0.25694,0.34513,0.3149,0.22629,0.22588,0.21717,0.17334,0.20724,0.13543,0.14415,0.15182,0.17164,0.13739,0.35411,0.34546,0.3255,0.35404,0.34095,0.34648,0.35356,0.28694,0.2988,0.28671,0.28431,0.28487,0.29678,0.29616,0.29815,0.29166,0.28805,0.28639,0.13412,0.22162,0.23396,0.23803,0.208,0.19489
0,0,0,0,0,0,0,0,0,0,0,0,0,0,0,0,0,0,0,0,0,0,0,0,0,0,0,0,0,0,0,0,0,0,0,0,0,0,0,0,0,0,0,0,0,0,0,0,0,0,0,0,0,0,0,0,0,0,0,0,0,0,0,0,0,0,0,0,0,0,0,0,0,0,0,0,0,0,0,0,0,0,0,0,0,0,0,0,0,0,0,0,0,0,0,0,0,0,0,0,0,0,0,0,0,0,0,0,0,0,0,0,0,0,0,0,0,0,0,0,0,0,0,0,0,0,0,0,0,0,0,0,0,0,0,0,0,0,0,0,0,0,0,0,0,0,0,0
0,0,0,0,0,0,0,0,0,0,0,0,0,0,0,0,0,0,0,0,0,0,0,0,0,0,0,0,0,0,0,0,0,0,0,0,0,0,0,0,0,0,0,0,0,0,0,0,0,0,0,0,0,0,0,0,0,0,0,0,0,0,0,0,0,0,0,0,0,0,0,0,0,0,0,0,0,0,0,0,0,0,0,0,0,0,0,0,0,0,0,0,0,0,0,0,0,0,0,0,0,0,0,0,0,0,0,0,0,0,0,0,0,0,0,0,0,0,0,0,0,0,0,0,0,0,0,0,0,0,0,0,0,0,0,0,0,0,0,0,0,0,0,0,0,0,0,0
0,0,0,0,0,0,0,0,0,0,0,0,0,0,0,0,0,0,0,0,0,0,0,0,0,0,0,0,0,0,0,0,0,0,0,0,0,0,0,0,0,0,0,0,0,0,0,0,0,0,0,0,0,0,0,0,0,0,0,0,0,0,0,0,0,0,0,0,0,0,0,0,0,0,0,0,0,0,0,0,0,0,0,0,0,0,0,0,0,0,0,0,0,0,0,0,0,0,0,0,0,0,0,0,0,0,0,0,0,0,0,0,0,0,0,0,0,0,0,0,0,0,0,0,0,0,0,0,0,0,0,0,0,0,0,0,0,0,0,0,0,0,0,0,0,0,0,0
0,0,0,0,0,0,0,0,0,0,0,0,0,0,0,0,0,0,0,0,0,0,0,0,0,0,0,0,0,0,0,0,0,0,0,0,0,0,0,0,0,0,0,0,0,0,0,0,0,0,0,0,0,0,0,0,0,0,0,0,0,0,0,0,0,0,0,0,0,0,0,0,0,0,0,0,0,0,0,0,0,0,0,0,0,0,0,0,0,0,0,0,0,0,0,0,0,0,0,0,0,0,0,0,0,0,0,0,0,0,0,0,0,0,0,0,0,0,0,0,0,0,0,0,0,0,0,0,0,0,0,0,0,0,0,0,0,0,0,0,0,0,0,0,0,0,0,0
0,0,0,0,0,0,0,0,0,0,0,0,0,0,0,0,0,0,0,0,0,0,0,0,0,0,0,0,0,0,0,0,0,0,0,0,0,0,0,0,0,0,0,0,0,0,0,0,0,0,0,0,0,0,0,0,0,0,0,0,0,0,0,0,0,0,0,0,0,0,0,0,0,0,0,0,0,0,0,0,0,0,0,0,0,0,0,0,0,0,0,0,0,0,0,0,0,0,0,0,0,0,0,0,0,0,0,0,0,0,0,0,0,0,0,0,0,0,0,0,0,0,0,0,0,0,0,0,0,0,0,0,0,0,0,0,0,0,0,0,0,0,0,0,0,0,0,0
0,0,0,0,0,0,0,0,0,0,0,0,0,0,0,0,0,0,0,0,0,0,0,0,0,0,0,0,0,0,0,0,0,0,0,0,0,0,0,0,0,0,0,0,0,0,0,0,0,0,0,0,0,0,0,0,0,0,0,0,0,0,0,0,0,0,0,0,0,0,0,0,0,0,0,0,0,0,0,0,0,0,0,0,0,0,0,0,0,0,0,0,0,0,0,0,0,0,0,0,0,0,0,0,0,0,0,0,0,0,0,0,0,0,0,0,0,0,0,0,0,0,0,0,0,0,0,0,0,0,0,0,0,0,0,0,0,0,0,0,0,0,0,0,0,0,0,0
0,0,0,0,0,0,0,0,0,0,0,0,0,0,0,0,0,0,0,0,0,0,0,0,0,0,0,0,0,0,0,0,0,0,0,0,0,0,0,0,0,0,0,0,0,0,0,0,0,0,0,0,0,0,0,0,0,0,0,0,0,0,0,0,0,0,0,0,0,0,0,0,0,0,0,0,0,0,0,0,0,0,0,0,0,0,0,0,0,0,0,0,0,0,0,0,0,0,0,0,0,0,0,0,0,0,0,0,0,0,0,0,0,0,0,0,0,0,0,0,0,0,0,0,0,0,0,0,0,0,0,0,0,0,0,0,0,0,0,0,0,0,0,0,0,0,0,0
0,0,0,0,0,0,0,0,0,0,0,0,0,0,0,0,0,0,0,0,0,0,0,0,0,0,0,0,0,0,0,0,0,0,0,0,0,0,0,0,0,0,0,0,0,0,0,0,0,0,0,0,0,0,0,0,0,0,0,0,0,0,0,0,0,0,0,0,0,0,0,0,0,0,0,0,0,0,0,0,0,0,0,0,0,0,0,0,0,0,0,0,0,0,0,0,0,0,0,0,0,0,0,0,0,0,0,0,0,0,0,0,0,0,0,0,0,0,0,0,0,0,0,0,0,0,0,0,0,0,0,0,0,0,0,0,0,0,0,0,0,0,0,0,0,0,0,0
0,0,0,0,0,0,0,0,0,0,0,0,0,0,0,0,0,0,0,0,0,0,0,0,0,0,0,0,0,0,0,0,0,0,0,0,0,0,0,0,0,0,0,0,0,0,0,0,0,0,0,0,0,0,0,0,0,0,0,0,0,0,0,0,0,0,0,0,0,0,0,0,0,0,0,0,0,0,0,0,0,0,0,0,0,0,0,0,0,0,0,0,0,0,0,0,0,0,0,0,0,0,0,0,0,0,0,0,0,0,0,0,0,0,0,0,0,0,0,0,0,0,0,0,0,0,0,0,0,0,0,0,0,0,0,0,0,0,0,0,0,0,0,0,0,0,0,0
0,0,0,0,0,0,0,0,0,0,0,0,0,0,0,0,0,0,0,0,0,0,0,0,0,0,0,0,0,0,0,0,0,0,0,0,0,0,0,0,0,0,0,0,0,0,0,0,0,0,0,0,0,0,0,0,0,0,0,0,0,0,0,0,0,0,0,0,0,0,0,0,0,0,0,0,0,0,0,0,0,0,0,0,0,0,0,0,0,0,0,0,0,0,0,0,0,0,0,0,0,0,0,0,0,0,0,0,0,0,0,0,0,0,0,0,0,0,0,0,0,0,0,0,0,0,0,0,0,0,0,0,0,0,0,0,0,0,0,0,0,0,0,0,0,0,0,0
0,0,0,0,0,0,0,0,0,0,0,0,0,0,0,0,0,0,0,0,0,0,0,0,0,0,0,0,0,0,0,0,0,0,0,0,0,0,0,0,0,0,0,0,0,0,0,0,0,0,0,0,0,0,0,0,0,0,0,0,0,0,0,0,0,0,0,0,0,0,0,0,0,0,0,0,0,0,0,0,0,0,0,0,0,0,0,0,0,0,0,0,0,0,0,0,0,0,0,0,0,0,0,0,0,0,0,0,0,0,0,0,0,0,0,0,0,0,0,0,0,0,0,0,0,0,0,0,0,0,0,0,0,0,0,0,0,0,0,0,0,0,0,0,0,0,0,0
0,0,0,0,0,0,0,0,0,0,0,0,0,0,0,0,0,0,0,0,0,0,0,0,0,0,0,0,0,0,0,0,0,0,0,0,0,0,0,0,0,0,0,0,0,0,0,0,0,0,0,0,0,0,0,0,0,0,0,0,0,0,0,0,0,0,0,0,0,0,0,0,0,0,0,0,0,0,0,0,0,0,0,0,0,0,0,0,0,0,0,0,0,0,0,0,0,0,0,0,0,0,0,0,0,0,0,0,0,0,0,0,0,0,0,0,0,0,0,0,0,0,0,0,0,0,0,0,0,0,0,0,0,0,0,0,0,0,0,0,0,0,0,0,0,0,0,0
0,0,0,0,0,0,0,0,0,0,0,0,0,0,0,0,0,0,0,0,0,0,0,0,0,0,0,0,0,0,0,0,0,0,0,0,0,0,0,0,0,0,0,0,0,0,0,0,0,0,0,0,0,0,0,0,0,0,0,0,0,0,0,0,0,0,0,0,0,0,0,0,0,0,0,0,0,0,0,0,0,0,0,0,0,0,0,0,0,0,0,0,0,0,0,0,0,0,0,0,0,0,0,0,0,0,0,0,0,0,0,0,0,0,0,0,0,0,0,0,0,0,0,0,0,0,0,0,0,0,0,0,0,0,0,0,0,0,0,0,0,0,0,0,0,0,0,0
0,0,0,0,0,0,0,0,0,0,0,0,0,0,0,0,0,0,0,0,0,0,0,0,0,0,0,0,0,0,0,0,0,0,0,0,0,0,0,0,0,0,0,0,0,0,0,0,0,0,0,0,0,0,0,0,0,0,0,0,0,0,0,0,0,0,0,0,0,0,0,0,0,0,0,0,0,0,0,0,0,0,0,0,0,0,0,0,0,0,0,0,0,0,0,0,0,0,0,0,0,0,0,0,0,0,0,0,0,0,0,0,0,0,0,0,0,0,0,0,0,0,0,0,0,0,0,0,0,0,0,0,0,0,0,0,0,0,0,0,0,0,0,0,0,0,0,0
0.004779,0.0067698,0,0,0,0,0,0,0.0035028,0.017329,0.012904,0.018652,0.070032,0.011019,0.0029694,0.10177,0,0.096162,0,0.096164,0.080473,0.02486,0.011026,0.036041,0,0.0056894,0.086868,0.10102,0.0072296,0.038858,0.018996,0.023776,0.0032241,0,0.011088,0.050688,0.0071788,0.023831,0.016841,0.0080135,0.1623,0.21757,0.010754,0.0014426,0,0,0.010725,0.06013,0.023889,0.00053667,0.025807,0.14355,0.071728,0.076946,0.1818,0.11197,0.077041,0.13267,0.059442,0.10897,0.066709,0,0,0,0,0,0.0010147,0,0.09967,0.091263,0,0,0,0,0,0.00054533,0,0.058102,0,0,0,0,0.020236,0.17633,0.14393,0.24531,0.01889,0.22406,0.21455,0.22011,0,0.0014836,0,0.0032491,0.0053451,0.0012831,0.0030587,0.0031999,0.0057329,0.0019878,0.0025942,0.00069838,0.011372,0.012267,0.0070984,0.16653,0.11833,0.076677,0.02922,0.08847,0.1844,0,0,0.0093812,0,0,0,0,0,0.2587,0.24032,0.18665,0.28053,0.28301,0.0019755,0.0019237,0,0,0.00202,0.0046959,0,0.28694,0.069339,0.11744,0.1124,0.099984,0.058978,0.12511,0.11143,0.10607,0.088079,0.11092,0,0.0087243,0,0.013254,0.0041589,0.001971
0.30894,0.31125,0.30355,0.2923,0.29026,0.2911,0.28836,0.28941,0.30269,0.30248,0.30078,0.26062,0.18518,0.30098,0.32364,0.17127,0.28643,0.30799,0.32754,0.30386,0.30917,0.29419,0.32008,0.31195,0.29263,0.30977,0.23955,0.26002,0.10725,0.16873,0.14679,0.11538,0.19653,0.22333,0.14795,0.27569,0.20777,0.20412,0.18201,0.23633,0.28862,0.29286,0.3138,0.30619,0.30022,0.29249,0.29912,0.30486,0.31343,0.29414,0.30966,0.27567,0.30129,0.31697,0.30014,0.28877,0.30079,0.30673,0.30799,0.3264,0.30664,0.31063,0.31645,0.31373,0.2916,0.30022,0.26886,0.287,0.29635,0.30574,0.30258,0.30613,0.33737,0.3073,0.30343,0.31049,0.30484,0.3053,0.31101,0.29758,0.33296,0.30929,0.29564,0.30573,0.2975,0.30459,0.30608,0.29037,0.29298,0.29525,0.31275,0.30114,0.31561,0.31382,0.31249,0.31431,0.32405,0.31769,0.34014,0.29814,0.33581,0.30446,0.3174,0.3166,0.32714,0.17813,0.24224,0.19566,0.24795,0.18561,0.11265,0.35957,0.36489,0.35345,0.28431,0.33781,0.2851,0.31941,0.32357,0.28235,0.23572,0.23967,0.28053,0.16229,0.35411,0.34546,0.3255,0.35404,0.34095,0.34648,0.35356,0.28694,0.29919,0.28671,0.28431,0.28487,0.29678,0.29616,0.29815,0.29166,0.28805,0.28639,0.28214,0.27242,0.30192,0.27002,0.21495,0.28912
0,0,0,0,0,0,0,0,0,0,0,0,0,0,0,0,0,0,0,0,0,0,0,0,0,0,0,0,0,0,0,0,0,0,0,0,0,0,0,0,0,0,0,0,0,0,0,0,0,0,0,0,0,0,0,0,0,0,0,0,0,0,0,0,0,0,0,0,0,0,0,0,0,0,0,0,0,0,0,0,0,0,0,0,0,0,0,0,0,0,0,0,0,0,0,0,0,0,0,0,0,0,0,0,0,0,0,0,0,0,0,0,0,0,0,0,0,0,0,0,0,0,0,0,0,0,0,0,0,0,0,0,0,0,0,0,0,0,0,0,0,0,0,0,0,0,0,0
0,0,0,0,0,0,0,0,0,0,0,0,0,0,0,0,0,0,0,0,0,0,0,0,0,0,0,0,0,0,0,0,0,0,0,0,0,0,0,0,0,0,0,0,0,0,0,0,0,0,0,0,0,0,0,0,0,0,0,0,0,0,0,0,0,0,0,0,0,0,0,0,0,0,0,0,0,0,0,0,0,0,0,0,0,0,0,0,0,0,0,0,0,0,0,0,0,0,0,0,0,0,0,0,0,0,0,0,0,0,0,0,0,0,0,0,0,0,0,0,0,0,0,0,0,0,0,0,0,0,0,0,0,0,0,0,0,0,0,0,0,0,0,0,0,0,0,0
0,0,0,0,0,0,0,0,0,0,0,0,0,0,0,0,0,0,0,0,0,0,0,0,0,0,0,0,0,0,0,0,0,0,0,0,0,0,0,0,0,0,0,0,0,0,0,0,0,0,0,0,0,0,0,0,0,0,0,0,0,0,0,0,0,0,0,0,0,0,0,0,0,0,0,0,0,0,0,0,0,0,0,0,0,0,0,0,0,0,0,0,0,0,0,0,0,0,0,0,0,0,0,0,0,0,0,0,0,0,0,0,0,0,0,0,0,0,0,0,0,0,0,0,0,0,0,0,0,0,0,0,0,0,0,0,0,0,0,0,0,0,0,0,0,0,0,0
0,0,0,0,0,0,0,0,0,0,0,0,0,0,0,0,0,0,0,0,0,0,0,0,0,0,0,0,0,0,0,0,0,0,0,0,0,0,0,0,0,0,0,0,0,0,0,0,0,0,0,0,0,0,0,0,0,0,0,0,0,0,0,0,0,0,0,0,0,0,0,0,0,0,0,0,0,0,0,0,0,0,0,0,0,0,0,0,0,0,0,0,0,0,0,0,0,0,0,0,0,0,0,0,0,0,0,0,0,0,0,0,0,0,0,0,0,0,0,0,0,0,0,0,0,0,0,0,0,0,0,0,0,0,0,0,0,0,0,0,0,0,0,0,0,0,0,0
0,0,0,0,0,0,0,0,0,0,0,0,0,0,0,0,0,0,0,0,0,0,0,0,0,0,0,0,0,0,0,0,0,0,0,0,0,0,0,0,0,0,0,0,0,0,0,0,0,0,0,0,0,0,0,0,0,0,0,0,0,0,0,0,0,0,0,0,0,0,0,0,0,0,0,0,0,0,0,0,0,0,0,0,0,0,0,0,0,0,0,0,0,0,0,0,0,0,0,0,0,0,0,0,0,0,0,0,0,0,0,0,0,0,0,0,0,0,0,0,0,0,0,0,0,0,0,0,0,0,0,0,0,0,0,0,0,0,0,0,0,0,0,0,0,0,0,0
0,0,0,0,0,0,0,0,0,0,0,0,0,0,0,0,0,0,0,0,0,0,0,0,0,0,0,0,0,0,0,0,0,0,0,0,0,0,0,0,0,0,0,0,0,0,0,0,0,0,0,0,0,0,0,0,0,0,0,0,0,0,0,0,0,0,0,0,0,0,0,0,0,0,0,0,0,0,0,0,0,0,0,0,0,0,0,0,0,0,0,0,0,0,0,0,0,0,0,0,0,0,0,0,0,0,0,0,0,0,0,0,0,0,0,0,0,0,0,0,0,0,0,0,0,0,0,0,0,0,0,0,0,0,0,0,0,0,0,0,0,0,0,0,0,0,0,0
0.15728,0.14315,0.10276,0.1129,0.21873,0.21419,0.25173,0.11617,0.20485,0.14196,0.16295,0.029658,0.032791,0.034863,0.0092373,0.037342,0.0034296,0.032538,0.0017754,0.010695,0.013404,0.030922,0.028491,0.034255,0.016053,0.040651,0.02792,0.020909,0.019549,0.038841,0.026133,0.016766,0.016591,0.039568,0.019559,0.0058011,0.018161,0.014194,0.0073415,0.037922,0.018533,0.024198,0.0012894,0.072153,0.022053,0,0.0014892,0.0066876,0.018283,0.082959,0.0071145,0,0.042642,0.052855,0.040454,0.00096826,0.037436,0.014755,0.030105,0.094316,0.074843,0.25194,0.2482,0.2692,0.28222,0.27888,0.26886,0.287,0.20168,0.2446,0.30203,0.30613,0.22528,0.26262,0.26044,0.23187,0.2149,0.12361,0.31101,0.29655,0.33296,0.30929,0,0.019612,0.016008,0.027283,0.0021009,0.02492,0.023862,0.024481,0.14152,0.15293,0.19725,0.22851,0.22408,0.2236,0.22259,0.23618,0.22123,0.20685,0.25822,0.17028,0.23446,0.13093,0.15336,0.018521,0.014397,0.0085279,0.013302,0.033179,0.062442,0,0.035183,0.010416,0.18308,0.21965,0.2851,0.25958,0.30578,0.030687,0.029083,0.021776,0.038312,0.043192,0.00066845,0,0.0075313,0,0,0,0,0.039759,0.031727,0.053719,0.039169,0.047406,0.0094387,0.071098,0.059208,0.086212,0.0429,0.030275,0.055595,0.00097031,0.0047839,0.0014741,0.0021094,0.045049
0.30894,0.31125,0.30355,0.2923,0.29026,0.2911,0.28836,0.28941,0.30269,0.30248,0.30078,0.34706,0.36419,0.32598,0.32364,0.32635,0.34597,0.34615,0.32754,0.30386,0.30917,0.34253,0.32021,0.3135,0.33702,0.30977,0.30973,0.29042,0.22483,0.25381,0.2546,0.217,0.29301,0.215,0.21559,0.32017,0.28776,0.31583,0.23514,0.32626,0.28862,0.29286,0.3138,0.30619,0.30022,0.29249,0.29912,0.30486,0.31343,0.29414,0.30966,0.28396,0.30129,0.31697,0.30014,0.28877,0.30079,0.30673,0.30799,0.3264,0.30664,0.31063,0.31645,0.31373,0.2916,0.30022,0.26886,0.287,0.29635,0.30574,0.30258,0.30613,0.33737,0.3073,0.30343,0.31049,0.30484,0.3053,0.31101,0.29758,0.33296,0.30929,0.29564,0.30573,0.2975,0.30459,0.30608,0.29037,0.29298,0.29525,0.31275,0.30114,0.31561,0.31382,0.31249,0.31431,0.32405,0.31769,0.34014,0.29814,0.33581,0.30446,0.3174,0.3166,0.32714,0.33143,0.31455,0.30663,0.3088,0.31345,0.32449,0.35957,0.36489,0.35345,0.28431,0.33781,0.20796,0.31941,0.32357,0.28235,0.28174,0.28255,0.28053,0.28301,0.35411,0.34546,0.3255,0.35404,0.34095,0.34648,0.35356,0.28694,0.29919,0.28671,0.28431,0.28487,0.29678,0.29616,0.29815,0.29166,0.28805,0.28639,0.26203,0.29705,0.30192,0.30826,0.30032,0.29908
0,0,0,0,0,0,0,0,0,0,0,0,0,0,0,0,0,0,0,0,0,0,0,0,0,0,0,0,0,0,0,0,0,0,0,0,0,0,0,0,0,0,0,0,0,0,0,0,0,0,0,0,0,0,0,0,0,0,0,0,0,0,0,0,0,0,0,0,0,0,0,0,0,0,0,0,0,0,0,0,0,0,0,0,0,0,0,0,0,0,0,0,0,0,0,0,0,0,0,0,0,0,0,0,0,0,0,0,0,0,0,0,0,0,0,0,0,0,0,0,0,0,0,0,0,0,0,0,0,0,0,0,0,0,0,0,0,0,0,0,0,0,0,0,0,0,0,0
0,0,0,0,0,0,0,0,0,0,0,0,0,0,0,0,0,0,0,0,0,0,0,0,0,0,0,0,0,0,0,0,0,0,0,0,0,0,0,0,0,0,0,0,0,0,0,0,0,0,0,0,0,0,0,0,0,0,0,0,0,0,0,0,0,0,0,0,0,0,0,0,0,0,0,0,0,0,0,0,0,0,0,0,0,0,0,0,0,0,0,0,0,0,0,0,0,0,0,0,0,0,0,0,0,0,0,0,0,0,0,0,0,0,0,0,0,0,0,0,0,0,0,0,0,0,0,0,0,0,0,0,0,0,0,0,0,0,0,0,0,0,0,0,0,0,0,0
0,0,0,0,0,0,0,0,0,0,0,0,0,0,0,0,0,0,0,0,0,0,0,0,0,0,0,0,0,0,0,0,0,0,0,0,0,0,0,0,0,0,0,0,0,0,0,0,0,0,0,0,0,0,0,0,0,0,0,0,0,0,0,0,0,0,0,0,0,0,0,0,0,0,0,0,0,0,0,0,0,0,0,0,0,0,0,0,0,0,0,0,0,0,0,0,0,0,0,0,0,0,0,0,0,0,0,0,0,0,0,0,0,0,0,0,0,0,0,0,0,0,0,0,0,0,0,0,0,0,0,0,0,0,0,0,0,0,0,0,0,0,0,0,0,0,0,0
0,0,0,0,0,0,0,0,0,0,0,0,0,0,0,0,0,0,0,0,0,0,0,0,0,0,0,0,0,0,0,0,0,0,0,0,0,0,0,0,0,0,0,0,0,0,0,0,0,0,0,0,0,0,0,0,0,0,0,0,0,0,0,0,0,0,0,0,0,0,0,0,0,0,0,0,0,0,0,0,0,0,0,0,0,0,0,0,0,0,0,0,0,0,0,0,0,0,0,0,0,0,0,0,0,0,0,0,0,0,0,0,0,0,0,0,0,0,0,0,0,0,0,0,0,0,0,0,0,0,0,0,0,0,0,0,0,0,0,0,0,0,0,0,0,0,0,0
0,0,0,0,0,0,0,0,0,0,0,0,0,0,0,0,0,0,0,0,0,0,0,0,0,0,0,0,0,0,0,0,0,0,0,0,0,0,0,0,0,0,0,0,0,0,0,0,0,0,0,0,0,0,0,0,0,0,0,0,0,0,0,0,0,0,0,0,0,0,0,0,0,0,0,0,0,0,0,0,0,0,0,0,0,0,0,0,0,0,0,0,0,0,0,0,0,0,0,0,0,0,0,0,0,0,0,0,0,0,0,0,0,0,0,0,0,0,0,0,0,0,0,0,0,0,0,0,0,0,0,0,0,0,0,0,0,0,0,0,0,0,0,0,0,0,0,0
0,0,0,0,0,0,0,0,0,0,0,0,0,0,0,0,0,0,0,0,0,0,0,0,0,0,0,0,0,0,0,0,0,0,0,0,0,0,0,0,0,0,0,0,0,0,0,0,0,0,0,0,0,0,0,0,0,0,0,0,0,0,0,0,0,0,0,0,0,0,0,0,0,0,0,0,0,0,0,0,0,0,0,0,0,0,0,0,0,0,0,0,0,0,0,0,0,0,0,0,0,0,0,0,0,0,0,0,0,0,0,0,0,0,0,0,0,0,0,0,0,0,0,0,0,0,0,0,0,0,0,0,0,0,0,0,0,0,0,0,0,0,0,0,0,0,0,0
0.15675,0.1424,0.10276,0.1129,0.21873,0.21419,0.25173,0.11617,0.20446,0.14004,0.16152,0.027583,0.009095,0.033638,0.0092373,0.002906,0.0034296,0,0.0017754,0,0.0044542,0.028158,0.027264,0.030247,0.016053,0.040018,0.018259,0.020909,0.017103,0.034519,0.02402,0.014121,0.016233,0.039568,0.018326,0.00016363,0.017362,0.011544,0.0073415,0.037031,0.00048163,0,9.343e-05,0.071992,0.022053,0,0.00029637,0,0.015626,0.082899,0.0042442,0,0.034664,0.044298,0.040454,0.00096826,0.028867,0,0.023494,0.082197,0.067423,0.25194,0.2482,0.2692,0.28222,0.27888,0.26886,0.287,0.1906,0.23445,0.30203,0.30613,0.22528,0.26262,0.26044,0.2318,0.2149,0.12361,0.31101,0.29655,0.33296,0.30929,0,0,0,0,0,0,0,0,0.14152,0.15277,0.19725,0.22815,0.22349,0.22346,0.22225,0.23582,0.22059,0.20663,0.25793,0.17021,0.2332,0.12957,0.15257,0,0.0012356,0,0.0034149,0.0032436,4.7973e-05,0,0.035183,0.0093729,0.18308,0.21965,0.2851,0.25958,0.30578,0.0019144,0.0023557,0.0010174,0.00032996,0.0036226,0,0,0.0075313,0,0,0,0,0,0.024016,0.040658,0.026668,0.036285,0.0028791,0.057184,0.046815,0.074415,0.033104,0.017939,0.055595,0,0.0047839,0,0.0016468,0.04483
0.083604,0.14293,0.087039,0.2923,0.11705,0.10545,0.083801,0.13926,0.078191,0.073992,0.081288,0.12225,0.15842,0.13638,0.21432,0.19413,0.15932,0.28303,0.23466,0.30386,0.22938,0.14308,0.15504,0.16286,0.19604,0.21011,0.1979,0.21286,0.060539,0.085558,0.061384,0.057977,0.09306,0.086476,0.071225,0.19282,0.10632,0.11837,0.098321,0.099902,0.28862,0.29286,0.3138,0.30619,0.27095,0.29249,0.26541,0.27652,0.31343,0.23167,0.19718,0.27451,0.30129,0.31697,0.24989,0.28877,0.30079,0.30673,0.30799,0.32071,0.30664,0.23245,0.22161,0.20023,0.13163,0.15739,0.026785,0.076328,0.18688,0.20687,0.14233,0.15105,0.22273,0.17875,0.17605,0.1819,0.18233,0.28855,0.13292,0.073431,0.11561,0.067803,0.29564,0.30573,0.2975,0.30459,0.25761,0.29037,0.29298,0.29525,0.31275,0.28816,0.31561,0.25998,0.20577,0.206,0.19854,0.24354,0.24908,0.21233,0.23174,0.30446,0.18017,0.27053,0.31505,0.19786,0.20728,0.16304,0.19043,0.19022,0.20936,0.35957,0.36489,0.35345,0.23194,0.33781,0.025295,0.27173,0.26524,0.28235,0.28174,0.28039,0.28053,0.28301,0.26926,0.2833,0.25935,0.32812,0.2612,0.30023,0.31781,0.28694,0.29919,0.28177,0.28431,0.28487,0.29678,0.29616,0.29815,0.27701,0.28805,0.28639,0.18554,0.16425,0.17569,0.15484,0.11645,0.11309
0,0,0,0,0,0,0,0,0,0,0,0,0,0,0,0,0,0,0,0,0,0,0,0,0,0,0,0,0,0,0,0,0,0,0,0,0,0,0,0,0,0,0,0,0,0,0,0,0,0,0,0,0,0,0,0,0,0,0,0,0,0,0,0,0,0,0,0,0,0,0,0,0,0,0,0,0,0,0,0,0,0,0,0,0,0,0,0,0,0,0,0,0,0,0,0,0,0,0,0,0,0,0,0,0,0,0,0,0,0,0,0,0,0,0,0,0,0,0,0,0,0,0,0,0,0,0,0,0,0,0,0,0,0,0,0,0,0,0,0,0,0,0,0,0,0,0,0
0,0,0,0,0,0,0,0,0,0,0,0,0,0,0,0,0,0,0,0,0,0,0,0,0,0,0,0,0,0,0,0,0,0,0,0,0,0,0,0,0,0,0,0,0,0,0,0,0,0,0,0,0,0,0,0,0,0,0,0,0,0,0,0,0,0,0,0,0,0,0,0,0,0,0,0,0,0,0,0,0,0,0,0,0,0,0,0,0,0,0,0,0,0,0,0,0,0,0,0,0,0,0,0,0,0,0,0,0,0,0,0,0,0,0,0,0,0,0,0,0,0,0,0,0,0,0,0,0,0,0,0,0,0,0,0,0,0,0,0,0,0,0,0,0,0,0,0
0,0,0,0,0,0,0,0,0,0,0,0,0,0,0,0,0,0,0,0,0,0,0,0,0,0,0,0,0,0,0,0,0,0,0,0,0,0,0,0,0,0,0,0,0,0,0,0,0,0,0,0,0,0,0,0,0,0,0,0,0,0,0,0,0,0,0,0,0,0,0,0,0,0,0,0,0,0,0,0,0,0,0,0,0,0,0,0,0,0,0,0,0,0,0,0,0,0,0,0,0,0,0,0,0,0,0,0,0,0,0,0,0,0,0,0,0,0,0,0,0,0,0,0,0,0,0,0,0,0,0,0,0,0,0,0,0,0,0,0,0,0,0,0,0,0,0,0
0,0,0,0,0,0,0,0,0,0,0,0,0,0,0,0,0,0,0,0,0,0,0,0,0,0,0,0,0,0,0,0,0,0,0,0,0,0,0,0,0,0,0,0,0,0,0,0,0,0,0,0,0,0,0,0,0,0,0,0,0,0,0,0,0,0,0,0,0,0,0,0,0,0,0,0,0,0,0,0,0,0,0,0,0,0,0,0,0,0,0,0,0,0,0,0,0,0,0,0,0,0,0,0,0,0,0,0,0,0,0,0,0,0,0,0,0,0,0,0,0,0,0,0,0,0,0,0,0,0,0,0,0,0,0,0,0,0,0,0,0,0,0,0,0,0,0,0
0,0,0,0,0,0,0,0,0,0,0,0,0,0,0,0,0,0,0,0,0,0,0,0,0,0,0,0,0,0,0,0,0,0,0,0,0,0,0,0,0,0,0,0,0,0,0,0,0,0,0,0,0,0,0,0,0,0,0,0,0,0,0,0,0,0,0,0,0,0,0,0,0,0,0,0,0,0,0,0,0,0,0,0,0,0,0,0,0,0,0,0,0,0,0,0,0,0,0,0,0,0,0,0,0,0,0,0,0,0,0,0,0,0,0,0,0,0,0,0,0,0,0,0,0,0,0,0,0,0,0,0,0,0,0,0,0,0,0,0,0,0,0,0,0,0,0,0
0,0,0,0,0,0,0,0,0,0,0,0,0,0,0,0,0,0,0,0,0,0,0,0,0,0,0,0,0,0,0,0,0,0,0,0,0,0,0,0,0,0,0,0,0,0,0,0,0,0,0,0,0,0,0,0,0,0,0,0,0,0,0,0,0,0,0,0,0,0,0,0,0,0,0,0,0,0,0,0,0,0,0,0,0,0,0,0,0,0,0,0,0,0,0,0,0,0,0,0,0,0,0,0,0,0,0,0,0,0,0,0,0,0,0,0,0,0,0,0,0,0,0,0,0,0,0,0,0,0,0,0,0,0,0,0,0,0,0,0,0,0,0,0,0,0,0,0
0,0,0,0,0,0,0,0,0,0,0,0,0,0,0,0,0,0,0,0,0,0,0,0,0,0,0,0,0,0,0,0,0,0,0,0,0,0,0,0,0,0,0,0,0,0,0,0,0,0,0,0,0,0,0,0,0,0,0,0,0,0,0,0,0,0,0,0,0,0,0,0,0,0,0,0,0,0,0,0,0,0,0,0,0,0,0,0,0,0,0,0,0,0,0,0,0,0,0,0,0,0,0,0,0,0,0,0,0,0,0,0,0,0,0,0,0,0,0,0,0,0,0,0,0,0,0,0,0,0,0,0,0,0,0,0,0,0,0,0,0,0,0,0,0,0,0,0
0,0,0,0,0,0,0,0,0,0,0,0,0,0,0,0,0,0,0,0,0,0,0,0,0,0,0,0,0,0,0,0,0,0,0,0,0,0,0,0,0,0,0,0,0,0,0,0,0,0,0,0,0,0,0,0,0,0,0,0,0,0,0,0,0,0,0,0,0,0,0,0,0,0,0,0,0,0,0,0,0,0,0,0,0,0,0,0,0,0,0,0,0,0,0,0,0,0,0,0,0,0,0,0,0,0,0,0,0,0,0,0,0,0,0,0,0,0,0,0,0,0,0,0,0,0,0,0,0,0,0,0,0,0,0,0,0,0,0,0,0,0,0,0,0,0,0,0
0,0,0,0,0,0,0,0,0,0,0,0,0,0,0,0,0,0,0,0,0,0,0,0,0,0,0,0,0,0,0,0,0,0,0,0,0,0,0,0,0,0,0,0,0,0,0,0,0,0,0,0,0,0,0,0,0,0,0,0,0,0,0,0,0,0,0,0,0,0,0,0,0,0,0,0,0,0,0,0,0,0,0,0,0,0,0,0,0,0,0,0,0,0,0,0,0,0,0,0,0,0,0,0,0,0,0,0,0,0,0,0,0,0,0,0,0,0,0,0,0,0,0,0,0,0,0,0,0,0,0,0,0,0,0,0,0,0,0,0,0,0,0,0,0,0,0,0
0,0,0,0,0,0,0,0,0,0,0,0,0,0,0,0,0,0,0,0,0,0,0,0,0,0,0,0,0,0,0,0,0,0,0,0,0,0,0,0,0,0,0,0,0,0,0,0,0,0,0,0,0,0,0,0,0,0,0,0,0,0,0,0,0,0,0,0,0,0,0,0,0,0,0,0,0,0,0,0,0,0,0,0,0,0,0,0,0,0,0,0,0,0,0,0,0,0,0,0,0,0,0,0,0,0,0,0,0,0,0,0,0,0,0,0,0,0,0,0,0,0,0,0,0,0,0,0,0,0,0,0,0,0,0,0,0,0,0,0,0,0,0,0,0,0,0,0
0,0,0,0,0,0,0,0,0,0,0,0,0,0,0,0,0,0,0,0,0,0,0,0,0,0,0,0,0,0,0,0,0,0,0,0,0,0,0,0,0,0,0,0,0,0,0,0,0,0,0,0,0,0,0,0,0,0,0,0,0,0,0,0,0,0,0,0,0,0,0,0,0,0,0,0,0,0,0,0,0,0,0,0,0,0,0,0,0,0,0,0,0,0,0,0,0,0,0,0,0,0,0,0,0,0,0,0,0,0,0,0,0,0,0,0,0,0,0,0,0,0,0,0,0,0,0,0,0,0,0,0,0,0,0,0,0,0,0,0,0,0,0,0,0,0,0,0
0,0,0,0,0,0,0,0,0,0,0,0,0,0,0,0,0,0,0,0,0,0,0,0,0,0,0,0,0,0,0,0,0,0,0,0,0,0,0,0,0,0,0,0,0,0,0,0,0,0,0,0,0,0,0,0,0,0,0,0,0,0,0,0,0,0,0,0,0,0,0,0,0,0,0,0,0,0,0,0,0,0,0,0,0,0,0,0,0,0,0,0,0,0,0,0,0,0,0,0,0,0,0,0,0,0,0,0,0,0,0,0,0,0,0,0,0,0,0,0,0,0,0,0,0,0,0,0,0,0,0,0,0,0,0,0,0,0,0,0,0,0,0,0,0,0,0,0
0,0,0,0,0,0,0,0,0,0,0,0,0,0,0,0,0,0,0,0,0,0,0,0,0,0,0,0,0,0,0,0,0,0,0,0,0,0,0,0,0,0,0,0,0,0,0,0,0,0,0,0,0,0,0,0,0,0,0,0,0,0,0,0,0,0,0,0,0,0,0,0,0,0,0,0,0,0,0,0,0,0,0,0,0,0,0,0,0,0,0,0,0,0,0,0,0,0,0,0,0,0,0,0,0,0,0,0,0,0,0,0,0,0,0,0,0,0,0,0,0,0,0,0,0,0,0,0,0,0,0,0,0,0,0,0,0,0,0,0,0,0,0,0,0,0,0,0
0,0,0,0,0,0,0,0,0,0,0,0,0,0,0,0,0,0,0,0,0,0,0,0,0,0,0,0,0,0,0,0,0,0,0,0,0,0,0,0,0,0,0,0,0,0,0,0,0,0,0,0,0,0,0,0,0,0,0,0,0,0,0,0,0,0,0,0,0,0,0,0,0,0,0,0,0,0,0,0,0,0,0,0,0,0,0,0,0,0,0,0,0,0,0,0,0,0,0,0,0,0,0,0,0,0,0,0,0,0,0,0,0,0,0,0,0,0,0,0,0,0,0,0,0,0,0,0,0,0,0,0,0,0,0,0,0,0,0,0,0,0,0,0,0,0,0,0
0.006224,0.049391,0.030772,0.0015613,0.034612,0.0062153,0.015589,0,0.031872,0.021449,0.029185,0,0.00020102,0,7.6035e-05,0.019374,0,0.041217,0,0.0012027,0.00064679,0,0,0,0,0,0.080232,0.09051,0.011222,0.13352,0.12156,0.031619,0.1015,0.050165,0.11109,0.092102,0.046516,0.045239,0.034137,0.030227,0.12345,0.029406,0,0.1599,0,0.012111,0.1268,0.0081326,0.063116,0.21206,0,0.20416,0,0,0,0.18799,0,0.0041142,0,0.0032223,0,0.00096017,0.030659,0.038599,0,0.0067357,0,0.01277,0,0,0,0.00032628,0.023303,0.011172,0.0053848,0.083478,0,0,0,0,0.030358,0.06977,0.11116,0.11346,0.23164,0.12554,0.26924,0.08134,0.14485,0.027145,0.093157,0.10917,0.091722,0.29325,0.2719,0.11113,0.17851,0.23398,0.07704,0.13693,0.21848,0.14502,0.3174,0.18125,0.28132,0.090003,0.08377,0.086334,0.14555,0.017373,0.028305,0,0.014952,0.1339,0.06246,0,0.018255,0,0,0.19168,0.28174,0.28255,0.28053,0.26377,0,0,0,0,0,0,0,0,0.0072254,0,0.025668,0,0.028208,0,0,0.0012708,0.0091258,0.010451,0,0.15206,0.13726,0.17361,0.16694,0.13416
0.30894,0.31125,0.30355,0.2923,0.29026,0.2911,0.28836,0.28941,0.30269,0.30248,0.30078,0.15836,0.15171,0.25321,0.13217,0.2791,0.24152,0.12165,0.22811,0.23967,0.29613,0.15417,0.23564,0.28075,0.21096,0.29137,0.14243,0.22204,0.28788,0.074609,0.075106,0.32345,0.091109,0.1336,0.064612,0.15975,0.070869,0.10318,0.3181,0.092929,0.26719,0.22099,0.3138,0.30619,0.30022,0.29249,0.29912,0.30486,0.31343,0.29414,0.30966,0.27623,0.30129,0.31697,0.30014,0.28877,0.30079,0.30673,0.30799,0.3264,0.30664,0.31063,0.31645,0.31373,0.2916,0.30022,0.26886,0.287,0.29635,0.30574,0.30258,0.30613,0.30561,0.3073,0.30343,0.31049,0.30484,0.3053,0.31101,0.29758,0.33296,0.30929,0.29564,0.30573,0.221,0.30459,0.16152,0.29037,0.29298,0.29525,0.31275,0.30114,0.31561,0.31382,0.31249,0.31431,0.32405,0.31769,0.34014,0.29814,0.33581,0.30446,0.25925,0.3166,0.32714,0.13097,0.23704,0.13691,0.20713,0.31345,0.32449,0.33678,0.23765,0.26819,0.25054,0.13572,0.2851,0.25067,0.13698,0.24416,0.14313,0.13943,0.16663,0.22765,0,0,0,0,0,0,0,0.28419,0.29919,0.28671,0.28431,0.28487,0.29678,0.29616,0.29815,0.29166,0.28805,0.23461,0.28214,0.16513,0.14653,0.12081,0.13785,0.16823
0,0,0,0,0,0,0,0,0,0,0,0,0,0,0,0,0,0,0,0,0,0,0,0,0,0,0,0,0,0,0,0,0,0,0,0,0,0,0,0,0,0,0,0,0,0,0,0,0,0,0,0,0,0,0,0,0,0,0,0,0,0,0,0,0,0,0,0,0,0,0,0,0,0,0,0,0,0,0,0,0,0,0,0,0,0,0,0,0,0,0,0,0,0,0,0,0,0,0,0,0,0,0,0,0,0,0,0,0,0,0,0,0,0,0,0,0,0,0,0,0,0,0,0,0,0,0,0,0,0,0,0,0,0,0,0,0,0,0,0,0,0,0,0,0,0,0,0
0,0,0,0,0,0,0,0,0,0,0,0,0,0,0,0,0,0,0,0,0,0,0,0,0,0,0,0,0,0,0,0,0,0,0,0,0,0,0,0,0,0,0,0,0,0,0,0,0,0,0,0,0,0,0,0,0,0,0,0,0,0,0,0,0,0,0,0,0,0,0,0,0,0,0,0,0,0,0,0,0,0,0,0,0,0,0,0,0,0,0,0,0,0,0,0,0,0,0,0,0,0,0,0,0,0,0,0,0,0,0,0,0,0,0,0,0,0,0,0,0,0,0,0,0,0,0,0,0,0,0,0,0,0,0,0,0,0,0,0,0,0,0,0,0,0,0,0
0,0,0,0,0,0,0,0,0,0,0,0,0,0,0,0,0,0,0,0,0,0,0,0,0,0,0,0,0,0,0,0,0,0,0,0,0,0,0,0,0,0,0,0,0,0,0,0,0,0,0,0,0,0,0,0,0,0,0,0,0,0,0,0,0,0,0,0,0,0,0,0,0,0,0,0,0,0,0,0,0,0,0,0,0,0,0,0,0,0,0,0,0,0,0,0,0,0,0,0,0,0,0,0,0,0,0,0,0,0,0,0,0,0,0,0,0,0,0,0,0,0,0,0,0,0,0,0,0,0,0,0,0,0,0,0,0,0,0,0,0,0,0,0,0,0,0,0
0,0,0,0,0,0,0,0,0,0,0,0,0,0,0,0,0,0,0,0,0,0,0,0,0,0,0,0,0,0,0,0,0,0,0,0,0,0,0,0,0,0,0,0,0,0,0,0,0,0,0,0,0,0,0,0,0,0,0,0,0,0,0,0,0,0,0,0,0,0,0,0,0,0,0,0,0,0,0,0,0,0,0,0,0,0,0,0,0,0,0,0,0,0,0,0,0,0,0,0,0,0,0,0,0,0,0,0,0,0,0,0,0,0,0,0,0,0,0,0,0,0,0,0,0,0,0,0,0,0,0,0,0,0,0,0,0,0,0,0,0,0,0,0,0,0,0,0
0,0,0,0,0,0,0,0,0,0,0,0,0,0,0,0,0,0,0,0,0,0,0,0,0,0,0,0,0,0,0,0,0,0,0,0,0,0,0,0,0,0,0,0,0,0,0,0,0,0,0,0,0,0,0,0,0,0,0,0,0,0,0,0,0,0,0,0,0,0,0,0,0,0,0,0,0,0,0,0,0,0,0,0,0,0,0,0,0,0,0,0,0,0,0,0,0,0,0,0,0,0,0,0,0,0,0,0,0,0,0,0,0,0,0,0,0,0,0,0,0,0,0,0,0,0,0,0,0,0,0,0,0,0,0,0,0,0,0,0,0,0,0,0,0,0,0,0
0,0,0,0,0,0,0,0,0,0,0,0,0,0,0,0,0,0,0,0,0,0,0,0,0,0,0,0,0,0,0,0,0,0,0,0,0,0,0,0,0,0,0,0,0,0,0,0,0,0,0,0,0,0,0,0,0,0,0,0,0,0,0,0,0,0,0,0,0,0,0,0,0,0,0,0,0,0,0,0,0,0,0,0,0,0,0,0,0,0,0,0,0,0,0,0,0,0,0,0,0,0,0,0,0,0,0,0,0,0,0,0,0,0,0,0,0,0,0,0,0,0,0,0,0,0,0,0,0,0,0,0,0,0,0,0,0,0,0,0,0,0,0,0,0,0,0,0
0.048228,0.057622,0.032419,0.11846,0.050145,0.071911,0.084214,0.063459,0.06068,0.04541,0.055142,0.015525,0.039021,0.049701,0.0099524,0.031332,0.018176,0.016157,0.071555,0.004893,0.029082,0.018627,0.04982,0.057025,0.018629,0.052363,0.012086,0,0.0037972,0.017613,0.019021,0.0041661,0.011288,0.0012339,0.012355,0.011935,0.0051899,0.011966,0,0.0050663,0.01373,0.0045981,0,0.021082,0.07405,0.001347,0.014102,0.0009045,0.043241,0.084798,0.011073,0.0076681,0.12674,0.046999,0.056978,0.013821,0.028662,0.13066,0.036408,0.11328,0.074927,0.21588,0.13347,0.15204,0.19935,0.11824,0.26886,0.11831,0.2636,0.18851,0.15447,0.14163,0.086253,0.1147,0.1631,0.12247,0.13061,0.23015,0.18888,0.14234,0.12554,0.13168,0,0.020605,0.025763,0.013962,0.029945,0.015887,0.019626,0.014668,0.13312,0.090817,0.12505,0.11625,0.1143,0.10253,0.10321,0.10975,0.08226,0.088173,0.12435,0.10696,0.1136,0.080905,0.10359,0.01001,0.021575,0.01329,0.050973,0.044593,0.012178,0.028879,0.043485,0.02212,0.033968,0.0066093,0.065437,0.0090848,0.0055481,0.021318,0.036123,0.031973,0.038602,0.029336,0,0,0,0,0,0,0,0.0058053,0.066172,0.022531,0.029852,0.015549,0.013722,0.043658,0.054598,0.027356,0.006389,0.018888,0,0.023655,0.020971,0.022051,0.01939,0.040405
0.30894,0.31125,0.30355,0.2923,0.29026,0.2911,0.28836,0.28941,0.30269,0.30248,0.30078,0.15638,0.21608,0.2088,0.12806,0.32635,0.26294,0.32693,0.28032,0.30386,0.30917,0.15585,0.18646,0.21497,0.33702,0.27387,0.26337,0.29042,0.32499,0.2794,0.25608,0.32345,0.20119,0.20039,0.22894,0.32017,0.17155,0.22648,0.3181,0.17489,0.28862,0.28115,0.3138,0.30619,0.30022,0.29249,0.29912,0.30486,0.31343,0.29414,0.30966,0.28396,0.30129,0.31697,0.30014,0.28877,0.30079,0.30673,0.30799,0.3264,0.30664,0.31063,0.31645,0.31373,0.2916,0.30022,0.26886,0.287,0.29635,0.30574,0.30258,0.30613,0.33737,0.3073,0.30343,0.31049,0.30484,0.3053,0.31101,0.29758,0.33296,0.30929,0.29564,0.30573,0.2975,0.30459,0.30608,0.29037,0.29298,0.29525,0.31275,0.30114,0.31561,0.31382,0.31249,0.31431,0.32405,0.31769,0.34014,0.29814,0.33581,0.30446,0.3174,0.3166,0.32714,0.27328,0.31455,0.30663,0.3088,0.31345,0.32449,0.35957,0.36489,0.35345,0.28431,0.22073,0.2851,0.31941,0.22905,0.28235,0.28174,0.28255,0.28053,0.28301,0,0,0,0,0,0,0,0.28694,0.29919,0.28671,0.28431,0.28487,0.29678,0.29616,0.29815,0.29166,0.28805,0.28639,0.28214,0.29705,0.30192,0.30826,0.30032,0.29908
0,0,0,0,0,0,0,0,0,0,0,0,0,0,0,0,0,0,0,0,0,0,0,0,0,0,0,0,0,0,0,0,0,0,0,0,0,0,0,0,0,0,0,0,0,0,0,0,0,0,0,0,0,0,0,0,0,0,0,0,0,0,0,0,0,0,0,0,0,0,0,0,0,0,0,0,0,0,0,0,0,0,0,0,0,0,0,0,0,0,0,0,0,0,0,0,0,0,0,0,0,0,0,0,0,0,0,0,0,0,0,0,0,0,0,0,0,0,0,0,0,0,0,0,0,0,0,0,0,0,0,0,0,0,0,0,0,0,0,0,0,0,0,0,0,0,0,0
0,0,0,0,0,0,0,0,0,0,0,0,0,0,0,0,0,0,0,0,0,0,0,0,0,0,0,0,0,0,0,0,0,0,0,0,0,0,0,0,0,0,0,0,0,0,0,0,0,0,0,0,0,0,0,0,0,0,0,0,0,0,0,0,0,0,0,0,0,0,0,0,0,0,0,0,0,0,0,0,0,0,0,0,0,0,0,0,0,0,0,0,0,0,0,0,0,0,0,0,0,0,0,0,0,0,0,0,0,0,0,0,0,0,0,0,0,0,0,0,0,0,0,0,0,0,0,0,0,0,0,0,0,0,0,0,0,0,0,0,0,0,0,0,0,0,0,0
0,0,0,0,0,0,0,0,0,0,0,0,0,0,0,0,0,0,0,0,0,0,0,0,0,0,0,0,0,0,0,0,0,0,0,0,0,0,0,0,0,0,0,0,0,0,0,0,0,0,0,0,0,0,0,0,0,0,0,0,0,0,0,0,0,0,0,0,0,0,0,0,0,0,0,0,0,0,0,0,0,0,0,0,0,0,0,0,0,0,0,0,0,0,0,0,0,0,0,0,0,0,0,0,0,0,0,0,0,0,0,0,0,0,0,0,0,0,0,0,0,0,0,0,0,0,0,0,0,0,0,0,0,0,0,0,0,0,0,0,0,0,0,0,0,0,0,0
0,0,0,0,0,0,0,0,0,0,0,0,0,0,0,0,0,0,0,0,0,0,0,0,0,0,0,0,0,0,0,0,0,0,0,0,0,0,0,0,0,0,0,0,0,0,0,0,0,0,0,0,0,0,0,0,0,0,0,0,0,0,0,0,0,0,0,0,0,0,0,0,0,0,0,0,0,0,0,0,0,0,0,0,0,0,0,0,0,0,0,0,0,0,0,0,0,0,0,0,0,0,0,0,0,0,0,0,0,0,0,0,0,0,0,0,0,0,0,0,0,0,0,0,0,0,0,0,0,0,0,0,0,0,0,0,0,0,0,0,0,0,0,0,0,0,0,0
0,0,0,0,0,0,0,0,0,0,0,0,0,0,0,0,0,0,0,0,0,0,0,0,0,0,0,0,0,0,0,0,0,0,0,0,0,0,0,0,0,0,0,0,0,0,0,0,0,0,0,0,0,0,0,0,0,0,0,0,0,0,0,0,0,0,0,0,0,0,0,0,0,0,0,0,0,0,0,0,0,0,0,0,0,0,0,0,0,0,0,0,0,0,0,0,0,0,0,0,0,0,0,0,0,0,0,0,0,0,0,0,0,0,0,0,0,0,0,0,0,0,0,0,0,0,0,0,0,0,0,0,0,0,0,0,0,0,0,0,0,0,0,0,0,0,0,0
0,0,0,0,0,0,0,0,0,0,0,0,0,0,0,0,0,0,0,0,0,0,0,0,0,0,0,0,0,0,0,0,0,0,0,0,0,0,0,0,0,0,0,0,0,0,0,0,0,0,0,0,0,0,0,0,0,0,0,0,0,0,0,0,0,0,0,0,0,0,0,0,0,0,0,0,0,0,0,0,0,0,0,0,0,0,0,0,0,0,0,0,0,0,0,0,0,0,0,0,0,0,0,0,0,0,0,0,0,0,0,0,0,0,0,0,0,0,0,0,0,0,0,0,0,0,0,0,0,0,0,0,0,0,0,0,0,0,0,0,0,0,0,0,0,0,0,0
0.047536,0.052129,0.028997,0.11828,0.046296,0.07122,0.08248,0.063459,0.057135,0.043024,0.051896,0.015525,0.038953,0.049701,0.0099524,0.024776,0.018176,0.0022111,0.071555,0.0047592,0.02901,0.018627,0.04982,0.057025,0.018629,0.052363,0.0031625,0,0,0.0027627,0.0055014,0.00064949,0,0.0012339,0,0.0016918,1.6373e-05,0.0069343,0,0.0017045,0,0.0013276,0,0.0032984,0.07405,0,0,0,0.036221,0.061213,0.011073,0.0076681,0.12674,0.046999,0.056978,0.013821,0.028662,0.1302,0.036408,0.11292,0.074927,0.21577,0.13006,0.14775,0.19935,0.11749,0.26886,0.11689,0.2636,0.18851,0.15447,0.14163,0.078368,0.11092,0.1625,0.11319,0.13061,0.23015,0.18888,0.14234,0.12216,0.12392,0,0.0079861,0,0,0,0.0068407,0.0035159,0.011649,0.12275,0.078676,0.11485,0.083635,0.084058,0.09017,0.083352,0.08373,0.073692,0.072944,0.10005,0.090827,0.050583,0.060746,0.072306,0,0.012258,0.0036884,0.0017255,0.038715,0.0026004,0.028879,0.038426,0.0072276,0.027021,0.0066093,0.063407,0.0090848,0.0055481,0,0,0,0,0,0,0,0,0,0,0,0,0.0058053,0.065368,0.022531,0.026997,0.015549,0.010584,0.043658,0.054598,0.027215,0.005374,0.017726,0,0.0067432,0.0057046,0.0027421,0.00082286,0.025484
0.22312,0.22039,0.29609,0.16036,0.23432,0.28685,0.17842,0.28941,0.24981,0.20846,0.24118,0.087532,0.073547,0.11874,0.069962,0.19392,0.13478,0.10887,0.10164,0.13636,0.1355,0.080115,0.10789,0.133,0.13407,0.13504,0.13421,0.19443,0.20377,0.11683,0.10873,0.23321,0.12459,0.10573,0.10306,0.14486,0.06537,0.072399,0.1977,0.068119,0.24538,0.15852,0.3138,0.29058,0.18876,0.24766,0.2852,0.27149,0.22384,0.28665,0.23993,0.28396,0.18691,0.31697,0.2833,0.28877,0.20695,0.28345,0.27178,0.3264,0.28578,0.134,0.18014,0.20966,0.1282,0.082357,0.041532,0.14793,0.24455,0.25656,0.15883,0.1623,0.15679,0.18128,0.15252,0.24848,0.1715,0.26141,0.12303,0.21959,0.30408,0.24914,0.29564,0.27335,0.2952,0.30459,0.2622,0.28249,0.29298,0.262,0.24364,0.29425,0.26965,0.31382,0.31249,0.31365,0.32405,0.31769,0.34014,0.29814,0.33581,0.28964,0.3174,0.3166,0.32714,0.13411,0.18595,0.12287,0.25729,0.2062,0.32449,0.20773,0.13953,0.24613,0.15374,0.093972,0.14739,0.16991,0.095262,0.27307,0.28174,0.27012,0.28053,0.28301,0,0,0,0,0,0,0,0.17061,0.18939,0.15296,0.15996,0.17852,0.17867,0.23638,0.19936,0.17526,0.23878,0.12459,0.21933,0.18281,0.15662,0.17038,0.17642,0.14085
0,0,0,0,0,0,0,0,0,0,0,0,0,0,0,0,0,0,0,0,0,0,0,0,0,0,0,0,0,0,0,0,0,0,0,0,0,0,0,0,0,0,0,0,0,0,0,0,0,0,0,0,0,0,0,0,0,0,0,0,0,0,0,0,0,0,0,0,0,0,0,0,0,0,0,0,0,0,0,0,0,0,0,0,0,0,0,0,0,0,0,0,0,0,0,0,0,0,0,0,0,0,0,0,0,0,0,0,0,0,0,0,0,0,0,0,0,0,0,0,0,0,0,0,0,0,0,0,0,0,0,0,0,0,0,0,0,0,0,0,0,0,0,0,0,0,0,0
0,0,0,0,0,0,0,0,0,0,0,0,0,0,0,0,0,0,0,0,0,0,0,0,0,0,0,0,0,0,0,0,0,0,0,0,0,0,0,0,0,0,0,0,0,0,0,0,0,0,0,0,0,0,0,0,0,0,0,0,0,0,0,0,0,0,0,0,0,0,0,0,0,0,0,0,0,0,0,0,0,0,0,0,0,0,0,0,0,0,0,0,0,0,0,0,0,0,0,0,0,0,0,0,0,0,0,0,0,0,0,0,0,0,0,0,0,0,0,0,0,0,0,0,0,0,0,0,0,0,0,0,0,0,0,0,0,0,0,0,0,0,0,0,0,0,0,0
0,0,0,0,0,0,0,0,0,0,0,0,0,0,0,0,0,0,0,0,0,0,0,0,0,0,0,0,0,0,0,0,0,0,0,0,0,0,0,0,0,0,0,0,0,0,0,0,0,0,0,0,0,0,0,0,0,0,0,0,0,0,0,0,0,0,0,0,0,0,0,0,0,0,0,0,0,0,0,0,0,0,0,0,0,0,0,0,0,0,0,0,0,0,0,0,0,0,0,0,0,0,0,0,0,0,0,0,0,0,0,0,0,0,0,0,0,0,0,0,0,0,0,0,0,0,0,0,0,0,0,0,0,0,0,0,0,0,0,0,0,0,0,0,0,0,0,0
0,0,0,0,0,0,0,0,0,0,0,0,0,0,0,0,0,0,0,0,0,0,0,0,0,0,0,0,0,0,0,0,0,0,0,0,0,0,0,0,0,0,0,0,0,0,0,0,0,0,0,0,0,0,0,0,0,0,0,0,0,0,0,0,0,0,0,0,0,0,0,0,0,0,0,0,0,0,0,0,0,0,0,0,0,0,0,0,0,0,0,0,0,0,0,0,0,0,0,0,0,0,0,0,0,0,0,0,0,0,0,0,0,0,0,0,0,0,0,0,0,0,0,0,0,0,0,0,0,0,0,0,0,0,0,0,0,0,0,0,0,0,0,0,0,0,0,0
0,0,0,0,0,0,0,0,0,0,0,0,0,0,0,0,0,0,0,0,0,0,0,0,0,0,0,0,0,0,0,0,0,0,0,0,0,0,0,0,0,0,0,0,0,0,0,0,0,0,0,0,0,0,0,0,0,0,0,0,0,0,0,0,0,0,0,0,0,0,0,0,0,0,0,0,0,0,0,0,0,0,0,0,0,0,0,0,0,0,0,0,0,0,0,0,0,0,0,0,0,0,0,0,0,0,0,0,0,0,0,0,0,0,0,0,0,0,0,0,0,0,0,0,0,0,0,0,0,0,0,0,0,0,0,0,0,0,0,0,0,0,0,0,0,0,0,0
0,0,0,0,0,0,0,0,0,0,0,0,0,0,0,0,0,0,0,0,0,0,0,0,0,0,0,0,0,0,0,0,0,0,0,0,0,0,0,0,0,0,0,0,0,0,0,0,0,0,0,0,0,0,0,0,0,0,0,0,0,0,0,0,0,0,0,0,0,0,0,0,0,0,0,0,0,0,0,0,0,0,0,0,0,0,0,0,0,0,0,0,0,0,0,0,0,0,0,0,0,0,0,0,0,0,0,0,0,0,0,0,0,0,0,0,0,0,0,0,0,0,0,0,0,0,0,0,0,0,0,0,0,0,0,0,0,0,0,0,0,0,0,0,0,0,0,0
0,0,0,0,0,0,0,0,0,0,0,0,0,0,0,0,0,0,0,0,0,0,0,0,0,0,0,0,0,0,0,0,0,0,0,0,0,0,0,0,0,0,0,0,0,0,0,0,0,0,0,0,0,0,0,0,0,0,0,0,0,0,0,0,0,0,0,0,0,0,0,0,0,0,0,0,0,0,0,0,0,0,0,0,0,0,0,0,0,0,0,0,0,0,0,0,0,0,0,0,0,0,0,0,0,0,0,0,0,0,0,0,0,0,0,0,0,0,0,0,0,0,0,0,0,0,0,0,0,0,0,0,0,0,0,0,0,0,0,0,0,0,0,0,0,0,0,0
0,0,0,0,0,0,0,0,0,0,0,0,0,0,0,0,0,0,0,0,0,0,0,0,0,0,0,0,0,0,0,0,0,0,0,0,0,0,0,0,0,0,0,0,0,0,0,0,0,0,0,0,0,0,0,0,0,0,0,0,0,0,0,0,0,0,0,0,0,0,0,0,0,0,0,0,0,0,0,0,0,0,0,0,0,0,0,0,0,0,0,0,0,0,0,0,0,0,0,0,0,0,0,0,0,0,0,0,0,0,0,0,0,0,0,0,0,0,0,0,0,0,0,0,0,0,0,0,0,0,0,0,0,0,0,0,0,0,0,0,0,0,0,0,0,0,0,0
0,0,0,0,0,0,0,0,0,0,0,0,0,0,0,0,0,0,0,0,0,0,0,0,0,0,0,0,0,0,0,0,0,0,0,0,0,0,0,0,0,0,0,0,0,0,0,0,0,0,0,0,0,0,0,0,0,0,0,0,0,0,0,0,0,0,0,0,0,0,0,0,0,0,0,0,0,0,0,0,0,0,0,0,0,0,0,0,0,0,0,0,0,0,0,0,0,0,0,0,0,0,0,0,0,0,0,0,0,0,0,0,0,0,0,0,0,0,0,0,0,0,0,0,0,0,0,0,0,0,0,0,0,0,0,0,0,0,0,0,0,0,0,0,0,0,0,0
0,0,0,0,0,0,0,0,0,0,0,0,0,0,0,0,0,0,0,0,0,0,0,0,0,0,0,0,0,0,0,0,0,0,0,0,0,0,0,0,0,0,0,0,0,0,0,0,0,0,0,0,0,0,0,0,0,0,0,0,0,0,0,0,0,0,0,0,0,0,0,0,0,0,0,0,0,0,0,0,0,0,0,0,0,0,0,0,0,0,0,0,0,0,0,0,0,0,0,0,0,0,0,0,0,0,0,0,0,0,0,0,0,0,0,0,0,0,0,0,0,0,0,0,0,0,0,0,0,0,0,0,0,0,0,0,0,0,0,0,0,0,0,0,0,0,0,0
0,0,0,0,0,0,0,0,0,0,0,0,0,0,0,0,0,0,0,0,0,0,0,0,0,0,0,0,0,0,0,0,0,0,0,0,0,0,0,0,0,0,0,0,0,0,0,0,0,0,0,0,0,0,0,0,0,0,0,0,0,0,0,0,0,0,0,0,0,0,0,0,0,0,0,0,0,0,0,0,0,0,0,0,0,0,0,0,0,0,0,0,0,0,0,0,0,0,0,0,0,0,0,0,0,0,0,0,0,0,0,0,0,0,0,0,0,0,0,0,0,0,0,0,0,0,0,0,0,0,0,0,0,0,0,0,0,0,0,0,0,0,0,0,0,0,0,0
0,0,0,0,0,0,0,0,0,0,0,0,0,0,0,0,0,0,0,0,0,0,0,0,0,0,0,0,0,0,0,0,0,0,0,0,0,0,0,0,0,0,0,0,0,0,0,0,0,0,0,0,0,0,0,0,0,0,0,0,0,0,0,0,0,0,0,0,0,0,0,0,0,0,0,0,0,0,0,0,0,0,0,0,0,0,0,0,0,0,0,0,0,0,0,0,0,0,0,0,0,0,0,0,0,0,0,0,0,0,0,0,0,0,0,0,0,0,0,0,0,0,0,0,0,0,0,0,0,0,0,0,0,0,0,0,0,0,0,0,0,0,0,0,0,0,0,0
0,0,0,0,0,0,0,0,0,0,0,0,0,0,0,0,0,0,0,0,0,0,0,0,0,0,0,0,0,0,0,0,0,0,0,0,0,0,0,0,0,0,0,0,0,0,0,0,0,0,0,0,0,0,0,0,0,0,0,0,0,0,0,0,0,0,0,0,0,0,0,0,0,0,0,0,0,0,0,0,0,0,0,0,0,0,0,0,0,0,0,0,0,0,0,0,0,0,0,0,0,0,0,0,0,0,0,0,0,0,0,0,0,0,0,0,0,0,0,0,0,0,0,0,0,0,0,0,0,0,0,0,0,0,0,0,0,0,0,0,0,0,0,0,0,0,0,0
0,0,0,0,0,0,0,0,0,0,0,0,0,0,0,0,0,0,0,0,0,0,0,0,0,0,0,0,0,0,0,0,0,0,0,0,0,0,0,0,0,0,0,0,0,0,0,0,0,0,0,0,0,0,0,0,0,0,0,0,0,0,0,0,0,0,0,0,0,0,0,0,0,0,0,0,0,0,0,0,0,0,0,0,0,0,0,0,0,0,0,0,0,0,0,0,0,0,0,0,0,0,0,0,0,0,0,0,0,0,0,0,0,0,0,0,0,0,0,0,0,0,0,0,0,0,0,0,0,0,0,0,0,0,0,0,0,0,0,0,0,0,0,0,0,0,0,0
